0,\U0001f004
1,\U0001f0cf
2,\U0001f301
3,\U0001f302
4,\U0001f303
5,\U0001f304
6,\U0001f305
7,\U0001f306
8,\U0001f307
9,\U0001f308
10,\U0001f309
11,\U0001f30a
12,\U0001f30b
13,\U0001f30c
14,\U0001f30d
15,\U0001f30e
16,\U0001f30f
17,\U0001f310
18,\U0001f319
19,\U0001f31a
20,\U0001f31b
21,\U0001f31c
22,\U0001f31d
23,\U0001f31e
24,\U0001f31f
25,\U0001f320
26,\U0001f321
27,\U0001f324
28,\U0001f325
29,\U0001f326
30,\U0001f327
31,\U0001f328
32,\U0001f329
33,\U0001f32a
34,\U0001f32c
35,\U0001f32d
36,\U0001f32e
37,\U0001f32f
38,\U0001f330
39,\U0001f331
40,\U0001f332
41,\U0001f333
42,\U0001f334
43,\U0001f335
44,\U0001f336
45,\U0001f337
46,\U0001f338
47,\U0001f339
48,\U0001f33a
49,\U0001f33b
50,\U0001f33c
51,\U0001f33d
52,\U0001f33e
53,\U0001f33f
54,\U0001f340
55,\U0001f341
56,\U0001f342
57,\U0001f343
58,\U0001f344
59,\U0001f345
60,\U0001f346
61,\U0001f347
62,\U0001f348
63,\U0001f349
64,\U0001f34a
65,\U0001f34b
66,\U0001f34c
67,\U0001f34d
68,\U0001f34e
69,\U0001f34f
70,\U0001f350
71,\U0001f351
72,\U0001f352
73,\U0001f353
74,\U0001f354
75,\U0001f355
76,\U0001f356
77,\U0001f357
78,\U0001f358
79,\U0001f359
80,\U0001f35a
81,\U0001f35b
82,\U0001f35c
83,\U0001f35d
84,\U0001f35e
85,\U0001f35f
86,\U0001f360
87,\U0001f361
88,\U0001f362
89,\U0001f363
90,\U0001f364
91,\U0001f365
92,\U0001f366
93,\U0001f367
94,\U0001f368
95,\U0001f369
96,\U0001f36a
97,\U0001f36c
98,\U0001f36d
99,\U0001f36e
100,\U0001f36f
101,\U0001f370
102,\U0001f371
103,\U0001f372
104,\U0001f373
105,\U0001f374
106,\U0001f375
107,\U0001f376
108,\U0001f377
109,\U0001f378
110,\U0001f379
111,\U0001f37a
112,\U0001f37b
113,\U0001f37c
114,\U0001f37d
115,\U0001f37e
116,\U0001f37f
117,\U0001f380
118,\U0001f381
119,\U0001f382
120,\U0001f383
121,\U0001f384
122,\U0001f385\U0001f3fb
123,\U0001f385\U0001f3fc
124,\U0001f385\U0001f3fd
125,\U0001f385\U0001f3fe
126,\U0001f385\U0001f3ff
127,\U0001f385
128,\U0001f386
129,\U0001f387
130,\U0001f388
131,\U0001f389
132,\U0001f38a
133,\U0001f38b
134,\U0001f38c
135,\U0001f38d
136,\U0001f38e
137,\U0001f38f
138,\U0001f390
139,\U0001f391
140,\U0001f392
141,\U0001f393
142,\U0001f396
143,\U0001f397
144,\U0001f399
145,\U0001f39a
146,\U0001f39b
147,\U0001f39f
148,\U0001f3a0
149,\U0001f3a1
150,\U0001f3a2
151,\U0001f3a3
152,\U0001f3a4
153,\U0001f3a5
154,\U0001f3a8
155,\U0001f3a9
156,\U0001f3aa
157,\U0001f3ab
158,\U0001f3ac
159,\U0001f3ad
160,\U0001f3af
161,\U0001f3b0
162,\U0001f3b1
163,\U0001f3b2
164,\U0001f3b3
165,\U0001f3b4
166,\U0001f3b5
167,\U0001f3b6
168,\U0001f3b7
169,\U0001f3b9
170,\U0001f3ba
171,\U0001f3bb
172,\U0001f3bc
173,\U0001f3bd
174,\U0001f3be
175,\U0001f3bf
176,\U0001f3c0
177,\U0001f3c2
178,\U0001f3c3\U0001f3fb
179,\U0001f3c3\U0001f3fc
180,\U0001f3c3\U0001f3fd
181,\U0001f3c3\U0001f3fe
182,\U0001f3c3\U0001f3ff
183,\U0001f3c3
184,\U0001f3c4\U0001f3fb
185,\U0001f3c4\U0001f3fc
186,\U0001f3c4\U0001f3fd
187,\U0001f3c4\U0001f3fe
188,\U0001f3c4\U0001f3ff
189,\U0001f3c4
190,\U0001f3c5
191,\U0001f3c6
192,\U0001f3c7\U0001f3fb
193,\U0001f3c7\U0001f3fc
194,\U0001f3c7\U0001f3fd
195,\U0001f3c7\U0001f3fe
196,\U0001f3c7\U0001f3ff
197,\U0001f3c7
198,\U0001f3c8
199,\U0001f3c9
200,\U0001f3ca\U0001f3fb
201,\U0001f3ca\U0001f3fc
202,\U0001f3ca\U0001f3fd
203,\U0001f3ca\U0001f3fe
204,\U0001f3ca\U0001f3ff
205,\U0001f3ca
206,\U0001f3cb\U0001f3fb
207,\U0001f3cb\U0001f3fc
208,\U0001f3cb\U0001f3fd
209,\U0001f3cb\U0001f3fe
210,\U0001f3cb\U0001f3ff
211,\U0001f3cb
212,\U0001f3cc
213,\U0001f3cd
214,\U0001f3cf
215,\U0001f3d0
216,\U0001f3e0
217,\U0001f3e1
218,\U0001f3e2
219,\U0001f3e3
220,\U0001f3e4
221,\U0001f3e5
222,\U0001f3e6
223,\U0001f3e7
224,\U0001f3e8
225,\U0001f3e9
226,\U0001f3ea
227,\U0001f3eb
228,\U0001f3ec
229,\U0001f3ed
230,\U0001f3ee
231,\U0001f3ef
232,\U0001f3f0
233,\U0001f3f3\U0001f308
234,\U0001f3f3
235,\U0001f3f4
236,\U0001f3f5
237,\U0001f3f8
238,\U0001f3f9
239,\U0001f3fa
240,\U0001f3fb
241,\U0001f3fc
242,\U0001f3fd
243,\U0001f3fe
244,\U0001f3ff
245,\U0001f400
246,\U0001f401
247,\U0001f402
248,\U0001f403
249,\U0001f404
250,\U0001f405
251,\U0001f406
252,\U0001f407
253,\U0001f408
254,\U0001f409
255,\U0001f40a
256,\U0001f40b
257,\U0001f40c
258,\U0001f40d
259,\U0001f40e
260,\U0001f40f
261,\U0001f410
262,\U0001f411
263,\U0001f412
264,\U0001f413
265,\U0001f414
266,\U0001f415
267,\U0001f416
268,\U0001f417
269,\U0001f418
270,\U0001f419
271,\U0001f41a
272,\U0001f41b
273,\U0001f41c
274,\U0001f41d
275,\U0001f41e
276,\U0001f41f
277,\U0001f420
278,\U0001f421
279,\U0001f422
280,\U0001f423
281,\U0001f424
282,\U0001f425
283,\U0001f426
284,\U0001f427
285,\U0001f428
286,\U0001f429
287,\U0001f42a
288,\U0001f42b
289,\U0001f42c
290,\U0001f42d
291,\U0001f42e
292,\U0001f42f
293,\U0001f430
294,\U0001f431
295,\U0001f432
296,\U0001f433
297,\U0001f434
298,\U0001f435
299,\U0001f436
300,\U0001f437
301,\U0001f438
302,\U0001f439
303,\U0001f43a
304,\U0001f43b
305,\U0001f43c
306,\U0001f43d
307,\U0001f43f
308,\U0001f440
309,\U0001f441\U0001f5e8
310,\U0001f441
311,\U0001f442\U0001f3fb
312,\U0001f442\U0001f3fc
313,\U0001f442\U0001f3fd
314,\U0001f442\U0001f3fe
315,\U0001f442\U0001f3ff
316,\U0001f442
317,\U0001f443\U0001f3fb
318,\U0001f443\U0001f3fc
319,\U0001f443\U0001f3fd
320,\U0001f443\U0001f3fe
321,\U0001f443\U0001f3ff
322,\U0001f443
323,\U0001f444
324,\U0001f445
325,\U0001f446\U0001f3fb
326,\U0001f446\U0001f3fc
327,\U0001f446\U0001f3fd
328,\U0001f446\U0001f3fe
329,\U0001f446\U0001f3ff
330,\U0001f446
331,\U0001f447\U0001f3fb
332,\U0001f447\U0001f3fc
333,\U0001f447\U0001f3fd
334,\U0001f447\U0001f3fe
335,\U0001f447\U0001f3ff
336,\U0001f447
337,\U0001f448\U0001f3fb
338,\U0001f448\U0001f3fc
339,\U0001f448\U0001f3fd
340,\U0001f448\U0001f3fe
341,\U0001f448\U0001f3ff
342,\U0001f448
343,\U0001f449\U0001f3fb
344,\U0001f449\U0001f3fc
345,\U0001f449\U0001f3fd
346,\U0001f449\U0001f3fe
347,\U0001f449\U0001f3ff
348,\U0001f449
349,\U0001f44a\U0001f3fb
350,\U0001f44a\U0001f3fc
351,\U0001f44a\U0001f3fd
352,\U0001f44a\U0001f3fe
353,\U0001f44a\U0001f3ff
354,\U0001f44a
355,\U0001f44b\U0001f3fb
356,\U0001f44b\U0001f3fc
357,\U0001f44b\U0001f3fd
358,\U0001f44b\U0001f3fe
359,\U0001f44b\U0001f3ff
360,\U0001f44b
361,\U0001f44c\U0001f3fb
362,\U0001f44c\U0001f3fc
363,\U0001f44c\U0001f3fd
364,\U0001f44c\U0001f3fe
365,\U0001f44c\U0001f3ff
366,\U0001f44c
367,\U0001f44d\U0001f3fb
368,\U0001f44d\U0001f3fc
369,\U0001f44d\U0001f3fd
370,\U0001f44d\U0001f3fe
371,\U0001f44d\U0001f3ff
372,\U0001f44d
373,\U0001f44e\U0001f3fb
374,\U0001f44e\U0001f3fc
375,\U0001f44e\U0001f3fd
376,\U0001f44e\U0001f3fe
377,\U0001f44e\U0001f3ff
378,\U0001f44e
379,\U0001f44f\U0001f3fb
380,\U0001f44f\U0001f3fc
381,\U0001f44f\U0001f3fd
382,\U0001f44f\U0001f3fe
383,\U0001f44f\U0001f3ff
384,\U0001f44f
385,\U0001f450\U0001f3fb
386,\U0001f450\U0001f3fc
387,\U0001f450\U0001f3fd
388,\U0001f450\U0001f3fe
389,\U0001f450\U0001f3ff
390,\U0001f450
391,\U0001f451
392,\U0001f45e
393,\U0001f45f
394,\U0001f466\U0001f3fb
395,\U0001f466\U0001f3fc
396,\U0001f466\U0001f3fd
397,\U0001f466\U0001f3fe
398,\U0001f466\U0001f3ff
399,\U0001f466
400,\U0001f467\U0001f3fb
401,\U0001f467\U0001f3fc
402,\U0001f467\U0001f3fd
403,\U0001f467\U0001f3fe
404,\U0001f467\U0001f3ff
405,\U0001f467
406,\U0001f468\U0001f3fb
407,\U0001f468\U0001f3fc
408,\U0001f468\U0001f3fd
409,\U0001f468\U0001f3fe
410,\U0001f468\U0001f3ff
411,\U0001f468\U0001f468\U0001f466\U0001f466
412,\U0001f468\U0001f468\U0001f466
413,\U0001f468\U0001f468\U0001f467\U0001f466
414,\U0001f468\U0001f468\U0001f467\U0001f467
415,\U0001f468\U0001f468\U0001f467
416,\U0001f468\U0001f469\U0001f466\U0001f466
417,\U0001f468\U0001f469\U0001f467\U0001f466
418,\U0001f468\U0001f469\U0001f467\U0001f467
419,\U0001f468\U0001f469\U0001f467
420,\U0001f468\U00002764\U0001f468
421,\U0001f468\U00002764\U0001f48b\U0001f468
422,\U0001f468
423,\U0001f469\U0001f3fb
424,\U0001f469\U0001f3fc
425,\U0001f469\U0001f3fd
426,\U0001f469\U0001f3fe
427,\U0001f469\U0001f3ff
428,\U0001f469\U0001f469\U0001f466\U0001f466
429,\U0001f469\U0001f469\U0001f466
430,\U0001f469\U0001f469\U0001f467\U0001f466
431,\U0001f469\U0001f469\U0001f467\U0001f467
432,\U0001f469\U0001f469\U0001f467
433,\U0001f469\U00002764\U0001f469
434,\U0001f469\U00002764\U0001f48b\U0001f469
435,\U0001f469
436,\U0001f46a
437,\U0001f46b
438,\U0001f46c
439,\U0001f46d
440,\U0001f46e\U0001f3fb
441,\U0001f46e\U0001f3fc
442,\U0001f46e\U0001f3fd
443,\U0001f46e\U0001f3fe
444,\U0001f46e\U0001f3ff
445,\U0001f46e
446,\U0001f46f
447,\U0001f470\U0001f3fb
448,\U0001f470\U0001f3fc
449,\U0001f470\U0001f3fd
450,\U0001f470\U0001f3fe
451,\U0001f470\U0001f3ff
452,\U0001f470
453,\U0001f471\U0001f3fb
454,\U0001f471\U0001f3fc
455,\U0001f471\U0001f3fd
456,\U0001f471\U0001f3fe
457,\U0001f471\U0001f3ff
458,\U0001f471
459,\U0001f472\U0001f3fb
460,\U0001f472\U0001f3fc
461,\U0001f472\U0001f3fd
462,\U0001f472\U0001f3fe
463,\U0001f472\U0001f3ff
464,\U0001f472
465,\U0001f473\U0001f3fb
466,\U0001f473\U0001f3fc
467,\U0001f473\U0001f3fd
468,\U0001f473\U0001f3fe
469,\U0001f473\U0001f3ff
470,\U0001f473
471,\U0001f474\U0001f3fb
472,\U0001f474\U0001f3fc
473,\U0001f474\U0001f3fd
474,\U0001f474\U0001f3fe
475,\U0001f474\U0001f3ff
476,\U0001f474
477,\U0001f475\U0001f3fb
478,\U0001f475\U0001f3fc
479,\U0001f475\U0001f3fd
480,\U0001f475\U0001f3fe
481,\U0001f475\U0001f3ff
482,\U0001f475
483,\U0001f476\U0001f3fb
484,\U0001f476\U0001f3fc
485,\U0001f476\U0001f3fd
486,\U0001f476\U0001f3fe
487,\U0001f476\U0001f3ff
488,\U0001f476
489,\U0001f477\U0001f3fb
490,\U0001f477\U0001f3fc
491,\U0001f477\U0001f3fd
492,\U0001f477\U0001f3fe
493,\U0001f477\U0001f3ff
494,\U0001f477
495,\U0001f478\U0001f3fb
496,\U0001f478\U0001f3fc
497,\U0001f478\U0001f3fd
498,\U0001f478\U0001f3fe
499,\U0001f478\U0001f3ff
500,\U0001f478
501,\U0001f479
502,\U0001f47a
503,\U0001f47b
504,\U0001f47c\U0001f3fb
505,\U0001f47c\U0001f3fc
506,\U0001f47c\U0001f3fd
507,\U0001f47c\U0001f3fe
508,\U0001f47c\U0001f3ff
509,\U0001f47c
510,\U0001f47d
511,\U0001f47e
512,\U0001f47f
513,\U0001f480
514,\U0001f481\U0001f3fb
515,\U0001f481\U0001f3fc
516,\U0001f481\U0001f3fd
517,\U0001f481\U0001f3fe
518,\U0001f481\U0001f3ff
519,\U0001f481
520,\U0001f482\U0001f3fb
521,\U0001f482\U0001f3fc
522,\U0001f482\U0001f3fd
523,\U0001f482\U0001f3fe
524,\U0001f482\U0001f3ff
525,\U0001f482
526,\U0001f484
527,\U0001f485\U0001f3fb
528,\U0001f485\U0001f3fc
529,\U0001f485\U0001f3fd
530,\U0001f485\U0001f3fe
531,\U0001f485\U0001f3ff
532,\U0001f485
533,\U0001f486\U0001f3fb
534,\U0001f486\U0001f3fc
535,\U0001f486\U0001f3fd
536,\U0001f486\U0001f3fe
537,\U0001f486\U0001f3ff
538,\U0001f486
539,\U0001f487\U0001f3fb
540,\U0001f487\U0001f3fc
541,\U0001f487\U0001f3fd
542,\U0001f487\U0001f3fe
543,\U0001f487\U0001f3ff
544,\U0001f487
545,\U0001f488
546,\U0001f489
547,\U0001f48a
548,\U0001f48b
549,\U0001f48c
550,\U0001f48d
551,\U0001f48e
552,\U0001f48f
553,\U0001f490
554,\U0001f491
555,\U0001f492
556,\U0001f493
557,\U0001f494
558,\U0001f495
559,\U0001f496
560,\U0001f497
561,\U0001f498
562,\U0001f499
563,\U0001f49a
564,\U0001f49b
565,\U0001f49c
566,\U0001f49d
567,\U0001f49e
568,\U0001f49f
569,\U0001f4a0
570,\U0001f4a1
571,\U0001f4a2
572,\U0001f4a3
573,\U0001f4a4
574,\U0001f4a5
575,\U0001f4a6
576,\U0001f4a7
577,\U0001f4a8
578,\U0001f4a9
579,\U0001f4aa\U0001f3fb
580,\U0001f4aa\U0001f3fc
581,\U0001f4aa\U0001f3fd
582,\U0001f4aa\U0001f3fe
583,\U0001f4aa\U0001f3ff
584,\U0001f4aa
585,\U0001f4ab
586,\U0001f4af
587,\U0001f4b0
588,\U0001f4b3
589,\U0001f4b4
590,\U0001f4b5
591,\U0001f4b6
592,\U0001f4b7
593,\U0001f4b8
594,\U0001f4ba
595,\U0001f4bb
596,\U0001f4bc
597,\U0001f4be
598,\U0001f4bf
599,\U0001f4c0
600,\U0001f4c1
601,\U0001f4c2
602,\U0001f4c3
603,\U0001f4c4
604,\U0001f4c5
605,\U0001f4c6
606,\U0001f4c7
607,\U0001f4c8
608,\U0001f4c9
609,\U0001f4ca
610,\U0001f4cb
611,\U0001f4cc
612,\U0001f4cd
613,\U0001f4ce
614,\U0001f4cf
615,\U0001f4d0
616,\U0001f4d1
617,\U0001f4d2
618,\U0001f4d3
619,\U0001f4d4
620,\U0001f4d5
621,\U0001f4d6
622,\U0001f4d7
623,\U0001f4d8
624,\U0001f4d9
625,\U0001f4da
626,\U0001f4db
627,\U0001f4dc
628,\U0001f4dd
629,\U0001f4de
630,\U0001f4df
631,\U0001f4e0
632,\U0001f4e1
633,\U0001f4e2
634,\U0001f4e3
635,\U0001f4e4
636,\U0001f4e5
637,\U0001f4e6
638,\U0001f4e7
639,\U0001f4e8
640,\U0001f4e9
641,\U0001f4ea
642,\U0001f4eb
643,\U0001f4ec
644,\U0001f4ed
645,\U0001f4ee
646,\U0001f4ef
647,\U0001f4f0
648,\U0001f4f1
649,\U0001f4f2
650,\U0001f4f7
651,\U0001f4f8
652,\U0001f4f9
653,\U0001f4fa
654,\U0001f4fb
655,\U0001f4fc
656,\U0001f4fd
657,\U0001f500
658,\U0001f501
659,\U0001f502
660,\U0001f503
661,\U0001f504
662,\U0001f505
663,\U0001f506
664,\U0001f507
665,\U0001f508
666,\U0001f509
667,\U0001f50a
668,\U0001f50b
669,\U0001f50c
670,\U0001f50d
671,\U0001f50e
672,\U0001f50f
673,\U0001f510
674,\U0001f511
675,\U0001f512
676,\U0001f513
677,\U0001f514
678,\U0001f515
679,\U0001f516
680,\U0001f517
681,\U0001f518
682,\U0001f519
683,\U0001f51e
684,\U0001f520
685,\U0001f521
686,\U0001f522
687,\U0001f523
688,\U0001f524
689,\U0001f525
690,\U0001f526
691,\U0001f527
692,\U0001f528
693,\U0001f529
694,\U0001f52a
695,\U0001f52b
696,\U0001f52c
697,\U0001f52d
698,\U0001f52e
699,\U0001f52f
700,\U0001f530
701,\U0001f531
702,\U0001f54a
703,\U0001f54b
704,\U0001f54d
705,\U0001f54e
706,\U0001f573
707,\U0001f574
708,\U0001f576
709,\U0001f577
710,\U0001f578
711,\U0001f579
712,\U0001f57a\U0001f3fb
713,\U0001f57a\U0001f3fc
714,\U0001f57a\U0001f3fd
715,\U0001f57a\U0001f3fe
716,\U0001f57a\U0001f3ff
717,\U0001f57a
718,\U0001f590\U0001f3fb
719,\U0001f590\U0001f3fc
720,\U0001f590\U0001f3fd
721,\U0001f590\U0001f3fe
722,\U0001f590\U0001f3ff
723,\U0001f590
724,\U0001f595\U0001f3fb
725,\U0001f595\U0001f3fc
726,\U0001f595\U0001f3fd
727,\U0001f595\U0001f3fe
728,\U0001f595\U0001f3ff
729,\U0001f595
730,\U0001f596\U0001f3fb
731,\U0001f596\U0001f3fc
732,\U0001f596\U0001f3fd
733,\U0001f596\U0001f3fe
734,\U0001f596\U0001f3ff
735,\U0001f596
736,\U0001f5a4
737,\U0001f5a5
738,\U0001f5a8
739,\U0001f5b1
740,\U0001f5b2
741,\U0001f5bc
742,\U0001f5c2
743,\U0001f5c3
744,\U0001f5c4
745,\U0001f5d1
746,\U0001f5d2
747,\U0001f5d3
748,\U0001f5dc
749,\U0001f5de
750,\U0001f5e1
751,\U0001f5e3
752,\U0001f5f3
753,\U0001f5fa
754,\U0001f5fb
755,\U0001f5fc
756,\U0001f5fd
757,\U0001f5fe
758,\U0001f5ff
759,\U0001f600
760,\U0001f601
761,\U0001f602
762,\U0001f603
763,\U0001f604
764,\U0001f605
765,\U0001f606
766,\U0001f607
767,\U0001f608
768,\U0001f609
769,\U0001f60a
770,\U0001f60b
771,\U0001f60c
772,\U0001f60d
773,\U0001f60e
774,\U0001f60f
775,\U0001f610
776,\U0001f611
777,\U0001f612
778,\U0001f613
779,\U0001f614
780,\U0001f615
781,\U0001f616
782,\U0001f617
783,\U0001f618
784,\U0001f619
785,\U0001f61a
786,\U0001f61b
787,\U0001f61c
788,\U0001f61d
789,\U0001f61e
790,\U0001f61f
791,\U0001f620
792,\U0001f621
793,\U0001f622
794,\U0001f623
795,\U0001f624
796,\U0001f625
797,\U0001f626
798,\U0001f627
799,\U0001f628
800,\U0001f629
801,\U0001f62a
802,\U0001f62b
803,\U0001f62c
804,\U0001f62d
805,\U0001f62e
806,\U0001f62f
807,\U0001f630
808,\U0001f631
809,\U0001f632
810,\U0001f633
811,\U0001f634
812,\U0001f635
813,\U0001f636
814,\U0001f637
815,\U0001f638
816,\U0001f639
817,\U0001f63a
818,\U0001f63b
819,\U0001f63c
820,\U0001f63d
821,\U0001f63e
822,\U0001f63f
823,\U0001f640
824,\U0001f641
825,\U0001f642
826,\U0001f643
827,\U0001f644
828,\U0001f645\U0001f3fb
829,\U0001f645\U0001f3fc
830,\U0001f645\U0001f3fd
831,\U0001f645\U0001f3fe
832,\U0001f645\U0001f3ff
833,\U0001f645
834,\U0001f646\U0001f3fb
835,\U0001f646\U0001f3fc
836,\U0001f646\U0001f3fd
837,\U0001f646\U0001f3fe
838,\U0001f646\U0001f3ff
839,\U0001f646
840,\U0001f647\U0001f3fb
841,\U0001f647\U0001f3fc
842,\U0001f647\U0001f3fd
843,\U0001f647\U0001f3fe
844,\U0001f647\U0001f3ff
845,\U0001f647
846,\U0001f648
847,\U0001f649
848,\U0001f64a
849,\U0001f64b\U0001f3fb
850,\U0001f64b\U0001f3fc
851,\U0001f64b\U0001f3fd
852,\U0001f64b\U0001f3fe
853,\U0001f64b\U0001f3ff
854,\U0001f64b
855,\U0001f64d\U0001f3fb
856,\U0001f64d\U0001f3fc
857,\U0001f64d\U0001f3fd
858,\U0001f64d\U0001f3fe
859,\U0001f64d\U0001f3ff
860,\U0001f64d
861,\U0001f64e\U0001f3fb
862,\U0001f64e\U0001f3fc
863,\U0001f64e\U0001f3fd
864,\U0001f64e\U0001f3fe
865,\U0001f64e\U0001f3ff
866,\U0001f64e
867,\U0001f64f\U0001f3fb
868,\U0001f64f\U0001f3fc
869,\U0001f64f\U0001f3fd
870,\U0001f64f\U0001f3fe
871,\U0001f64f\U0001f3ff
872,\U0001f64f
873,\U0001f680
874,\U0001f681
875,\U0001f682
876,\U0001f683
877,\U0001f684
878,\U0001f685
879,\U0001f686
880,\U0001f687
881,\U0001f688
882,\U0001f689
883,\U0001f68a
884,\U0001f68b
885,\U0001f68c
886,\U0001f68d
887,\U0001f68e
888,\U0001f68f
889,\U0001f691
890,\U0001f692
891,\U0001f693
892,\U0001f694
893,\U0001f695
894,\U0001f696
895,\U0001f6a0
896,\U0001f6a1
897,\U0001f6a2
898,\U0001f6a3\U0001f3fb
899,\U0001f6a3\U0001f3fc
900,\U0001f6a3\U0001f3fd
901,\U0001f6a3\U0001f3fe
902,\U0001f6a3\U0001f3ff
903,\U0001f6a3
904,\U0001f6a4
905,\U0001f6a5
906,\U0001f6a6
907,\U0001f6a7
908,\U0001f6a8
909,\U0001f6a9
910,\U0001f6aa
911,\U0001f6ab
912,\U0001f6ac
913,\U0001f6ad
914,\U0001f6af
915,\U0001f6b1
916,\U0001f6b2
917,\U0001f6b3
918,\U0001f6b4\U0001f3fb
919,\U0001f6b4\U0001f3fc
920,\U0001f6b4\U0001f3fd
921,\U0001f6b4\U0001f3fe
922,\U0001f6b4\U0001f3ff
923,\U0001f6b4
924,\U0001f6b5\U0001f3fb
925,\U0001f6b5\U0001f3fc
926,\U0001f6b5\U0001f3fd
927,\U0001f6b5\U0001f3fe
928,\U0001f6b5\U0001f3ff
929,\U0001f6b5
930,\U0001f6b6\U0001f3fb
931,\U0001f6b6\U0001f3fc
932,\U0001f6b6\U0001f3fd
933,\U0001f6b6\U0001f3fe
934,\U0001f6b6\U0001f3ff
935,\U0001f6b6
936,\U0001f6b7
937,\U0001f6b8
938,\U0001f6bd
939,\U0001f6bf
940,\U0001f6c1
941,\U0001f6cb
942,\U0001f6cc
943,\U0001f6cd
944,\U0001f6ce
945,\U0001f6cf
946,\U0001f6d0
947,\U0001f6d1
948,\U0001f6d2
949,\U0001f6e0
950,\U0001f6e1
951,\U0001f6e2
952,\U0001f6e3
953,\U0001f6e4
954,\U0001f6e5
955,\U0001f6e9
956,\U0001f6eb
957,\U0001f6ec
958,\U0001f6f0
959,\U0001f6f3
960,\U0001f6f4
961,\U0001f6f5
962,\U0001f6f6
963,\U0001f910
964,\U0001f911
965,\U0001f912
966,\U0001f913
967,\U0001f914
968,\U0001f915
969,\U0001f916
970,\U0001f917
971,\U0001f918\U0001f3fb
972,\U0001f918\U0001f3fc
973,\U0001f918\U0001f3fd
974,\U0001f918\U0001f3fe
975,\U0001f918\U0001f3ff
976,\U0001f918
977,\U0001f919\U0001f3fb
978,\U0001f919\U0001f3fc
979,\U0001f919\U0001f3fd
980,\U0001f919\U0001f3fe
981,\U0001f919\U0001f3ff
982,\U0001f919
983,\U0001f91a\U0001f3fb
984,\U0001f91a\U0001f3fc
985,\U0001f91a\U0001f3fd
986,\U0001f91a\U0001f3fe
987,\U0001f91a\U0001f3ff
988,\U0001f91a
989,\U0001f91b\U0001f3fb
990,\U0001f91b\U0001f3fc
991,\U0001f91b\U0001f3fd
992,\U0001f91b\U0001f3fe
993,\U0001f91b\U0001f3ff
994,\U0001f91b
995,\U0001f91c\U0001f3fb
996,\U0001f91c\U0001f3fc
997,\U0001f91c\U0001f3fd
998,\U0001f91c\U0001f3fe
999,\U0001f91c\U0001f3ff
1000,\U0001f91c
1001,\U0001f91d\U0001f3fb
1002,\U0001f91d\U0001f3fc
1003,\U0001f91d\U0001f3fd
1004,\U0001f91d\U0001f3fe
1005,\U0001f91d\U0001f3ff
1006,\U0001f91d
1007,\U0001f91e\U0001f3fb
1008,\U0001f91e\U0001f3fc
1009,\U0001f91e\U0001f3fd
1010,\U0001f91e\U0001f3fe
1011,\U0001f91e\U0001f3ff
1012,\U0001f91e
1013,\U0001f920
1014,\U0001f921
1015,\U0001f922
1016,\U0001f923
1017,\U0001f924
1018,\U0001f925
1019,\U0001f926\U0001f3fb
1020,\U0001f926\U0001f3fc
1021,\U0001f926\U0001f3fd
1022,\U0001f926\U0001f3fe
1023,\U0001f926\U0001f3ff
1024,\U0001f926
1025,\U0001f927
1026,\U0001f930\U0001f3fb
1027,\U0001f930\U0001f3fc
1028,\U0001f930\U0001f3fd
1029,\U0001f930\U0001f3fe
1030,\U0001f930\U0001f3ff
1031,\U0001f930
1032,\U0001f934\U0001f3fb
1033,\U0001f934\U0001f3fc
1034,\U0001f934\U0001f3fd
1035,\U0001f934\U0001f3fe
1036,\U0001f934\U0001f3ff
1037,\U0001f934
1038,\U0001f935\U0001f3fb
1039,\U0001f935\U0001f3fc
1040,\U0001f935\U0001f3fd
1041,\U0001f935\U0001f3fe
1042,\U0001f935\U0001f3ff
1043,\U0001f935
1044,\U0001f936\U0001f3fb
1045,\U0001f936\U0001f3fc
1046,\U0001f936\U0001f3fd
1047,\U0001f936\U0001f3fe
1048,\U0001f936\U0001f3ff
1049,\U0001f936
1050,\U0001f937\U0001f3fb
1051,\U0001f937\U0001f3fc
1052,\U0001f937\U0001f3fd
1053,\U0001f937\U0001f3fe
1054,\U0001f937\U0001f3ff
1055,\U0001f937
1056,\U0001f938\U0001f3fb
1057,\U0001f938\U0001f3fc
1058,\U0001f938\U0001f3fd
1059,\U0001f938\U0001f3fe
1060,\U0001f938\U0001f3ff
1061,\U0001f938
1062,\U0001f939\U0001f3fb
1063,\U0001f939\U0001f3fc
1064,\U0001f939\U0001f3fd
1065,\U0001f939\U0001f3fe
1066,\U0001f939\U0001f3ff
1067,\U0001f939
1068,\U0001f93a
1069,\U0001f93c\U0001f3fb
1070,\U0001f93c\U0001f3fc
1071,\U0001f93c\U0001f3fd
1072,\U0001f93c\U0001f3fe
1073,\U0001f93c\U0001f3ff
1074,\U0001f93c
1075,\U0001f93e\U0001f3fb
1076,\U0001f93e\U0001f3fc
1077,\U0001f93e\U0001f3fd
1078,\U0001f93e\U0001f3fe
1079,\U0001f93e\U0001f3ff
1080,\U0001f93e
1081,\U0001f940
1082,\U0001f941
1083,\U0001f942
1084,\U0001f943
1085,\U0001f944
1086,\U0001f945
1087,\U0001f947
1088,\U0001f948
1089,\U0001f949
1090,\U0001f94a
1091,\U0001f94b
1092,\U0001f950
1093,\U0001f951
1094,\U0001f952
1095,\U0001f953
1096,\U0001f954
1097,\U0001f955
1098,\U0001f956
1099,\U0001f957
1100,\U0001f958
1101,\U0001f959
1102,\U0001f95a
1103,\U0001f95b
1104,\U0001f95c
1105,\U0001f95d
1106,\U0001f95e
1107,\U0001f980
1108,\U0001f981
1109,\U0001f982
1110,\U0001f983
1111,\U0001f984
1112,\U0001f985
1113,\U0001f986
1114,\U0001f987
1115,\U0001f988
1116,\U0001f989
1117,\U0001f98a
1118,\U0001f98b
1119,\U0001f98c
1120,\U0001f98d
1121,\U0001f98e
1122,\U0001f98f
1123,\U0001f990
1124,\U0001f991
1125,\U0001f9c0
1126,\U0000231b
1127,\U00002328
1128,\U00002600
1129,\U00002601
1130,\U00002602
1131,\U00002603
1132,\U00002604
1133,\U0000260e
1134,\U00002611
1135,\U00002614
1136,\U00002615
1137,\U00002618
1138,\U0000261d\U0001f3fb
1139,\U0000261d\U0001f3fc
1140,\U0000261d\U0001f3fd
1141,\U0000261d\U0001f3fe
1142,\U0000261d\U0001f3ff
1143,\U0000261d
1144,\U00002620
1145,\U00002622
1146,\U00002623
1147,\U0000262a
1148,\U0000262e
1149,\U0000262f
1150,\U00002639
1151,\U0000263a
1152,\U0000264a
1153,\U0000264b
1154,\U0000264c
1155,\U0000264d
1156,\U0000264e
1157,\U0000264f
1158,\U00002660
1159,\U00002663
1160,\U00002665
1161,\U00002666
1162,\U00002668
1163,\U0000267b
1164,\U0000267f
1165,\U00002692
1166,\U00002693
1167,\U00002694
1168,\U00002696
1169,\U00002697
1170,\U000026a0
1171,\U000026a1
1172,\U000026aa
1173,\U000026ab
1174,\U000026b0
1175,\U000026b1
1176,\U000026bd
1177,\U000026be
1178,\U000026c4
1179,\U000026c5
1180,\U000026c8
1181,\U000026ce
1182,\U000026cf
1183,\U000026d1
1184,\U000026d3
1185,\U000026d4
1186,\U000026e9
1187,\U000026ea
1188,\U000026f1
1189,\U000026f2
1190,\U000026f3
1191,\U000026f4
1192,\U000026f5
1193,\U000026f7
1194,\U000026f8
1195,\U000026f9\U0001f3fb
1196,\U000026f9\U0001f3fc
1197,\U000026f9\U0001f3fd
1198,\U000026f9\U0001f3fe
1199,\U000026f9\U0001f3ff
1200,\U000026f9
1201,\U000026fa
1202,\U000026fd
1203,\U00002702
1204,\U00002705
1205,\U00002708
1206,\U00002709
1207,\U0000270a\U0001f3fb
1208,\U0000270a\U0001f3fc
1209,\U0000270a\U0001f3fd
1210,\U0000270a\U0001f3fe
1211,\U0000270a\U0001f3ff
1212,\U0000270a
1213,\U0000270b\U0001f3fb
1214,\U0000270b\U0001f3fc
1215,\U0000270b\U0001f3fd
1216,\U0000270b\U0001f3fe
1217,\U0000270b\U0001f3ff
1218,\U0000270b
1219,\U0000270c\U0001f3fb
1220,\U0000270c\U0001f3fc
1221,\U0000270c\U0001f3fd
1222,\U0000270c\U0001f3fe
1223,\U0000270c\U0001f3ff
1224,\U0000270c
1225,\U0000270d\U0001f3fb
1226,\U0000270d\U0001f3fc
1227,\U0000270d\U0001f3fd
1228,\U0000270d\U0001f3fe
1229,\U0000270d\U0001f3ff
1230,\U0000270d
1231,\U0000270f
1232,\U00002712
1233,\U00002763
1234,\U00002764
