0,221.7202857,222.8502857,223.8122857
1,120.3494935,219.8096961,225.9298119
2,229.0288571,229.7322857,230.3188571
3,105.1269899,215.8339363,222.6447178
4,229.0808571,229.7805714,230.3642857
5,105.0155572,215.8042692,222.6212012
6,233.7208571,234.1422857,234.5014286
7,94.77170767,213.1266281,220.4099132
8,230.3411429,230.9688571,231.4931429
9,102.22178,215.0738061,222.0188133
10,231.1065714,231.6868571,232.1717143
11,100.4985528,214.6222865,221.644356
12,229.3471429,230.0342857,230.6037143
13,104.422576,215.6486975,222.4931259
14,230.058,230.7014286,231.2394286
15,102.8505789,215.2387844,222.154848
16,229.1451429,229.8417143,230.4248571
17,104.8683068,215.7644718,222.5908104
18,233.078,233.5408571,233.9268571
19,96.19645441,213.4963821,220.7149059
20,228.6031429,229.3294286,229.9382857
21,106.0662084,216.0759768,222.8458755
22,229.1197143,229.8174286,230.4017143
23,104.8125904,215.7496382,222.577424
24,77,83,87
25,77,83,87
26,218.1750466,173.9934823,146.0521415
27,178.3054878,174.3426829,172.1643293
28,255,108.2851429,135.8511429
29,255,112.7328571,139.4642857
30,255,111.5165714,138.4742857
31,109.3474286,216.9334286,223.5534286
32,255,114.8005714,141.1451429
33,255,106.7351429,134.5945714
34,95.24542857,213.2485714,220.5074286
35,99.69257143,214.4088571,221.4674286
36,203.2088571,159.9,241.4142857
37,95.95885714,213.4345714,220.6642857
38,99.20542857,214.2848571,221.3665714
39,100.0037143,214.4931429,221.5377143
40,255,115.3805714,141.6157143
41,99.61714286,214.3948571,221.4574286
42,239.8537143,178.4042857,111.0642857
43,95.56931408,114.2693141,156.0169675
44,188.9204628,153.8535792,88.40419378
45,174.7608538,138.9692475,123.7033285
46,174.4356471,109.746927,97.65148228
47,167.1013025,111.7138206,121.0296671
48,96.41787265,116.3118669,163.5738061
49,198.2116498,52.05571635,74.74819103
50,156.0412446,113.4775687,93.32850941
51,164.473589,91.75976845,77.16968162
52,117.5195369,164.27822,220.8064399
53,223.8530051,227.0242578,213.4920348
54,170.9395803,154.2116498,169.0166425
55,244.6063676,151.6410999,160.8798842
56,92.22503618,114.2293777,163.5701881
57,106.1968162,182.3241679,197.3914617
58,145.9655922,111.2589641,115.4194133
59,157.8871201,135.9149783,125.1693198
60,104.2514472,215.5998553,222.4518813
61,141.1585631,149.2949927,118.3047896
62,146.3593637,145.6030369,97.04085322
63,135.5383502,132.8863965,62.02243126
64,194.0817656,138.4782923,66.49855282
65,187.2771346,136.3031838,83.98191028
66,195.6714906,174.5434153,131.8342981
67,223.6727009,155.0811007,155.0811007
68,215.1738345,182.5287315,156.4148898
69,212.7981187,155.4356006,72.9540521
70,228.7539797,222.1599132,213.3191028
71,221.8878437,112.3791606,122.3183792
72,222.2591386,189.2699964,90.8747738
73,195.8382779,156.7203329,65.01664255
74,172.5615051,179.0643994,185.5010854
75,149.2963768,177.1528986,91.48623188
76,111.5940666,160.353835,142.5759768
77,247.9887844,165.3379161,107.9222142
78,179.3013401,117.8250634,145.3962332
79,163.9985528,188.1230101,204.130246
80,188.5463805,106.6747908,82.95271008
81,129.1335022,148.2120116,169.4077424
82,111.1125181,217.4008683,223.9410275
83,243.6455467,171.7251991,178.8721941
84,125.2141823,157.2261216,52.33393632
85,148.0181422,146.1386067,139.8203919
86,197.0072359,142.487699,116.8140376
87,197.2015195,149.9815485,70.81114327
88,240.2561505,108.3806078,121.4862518
89,212.9109986,211.7561505,128.0296671
90,95.052822,116.3657742,164.8708394
91,197.5777858,128.7116498,150.5336469
92,198.3089725,149.4327062,66.17293777
93,238.8263386,91.63314038,87.33140376
94,185.8914617,158.8567294,89.34442836
95,192.7011577,167.2945007,187.5043415
96,193.4413893,136.2127352,145.7858177
97,170.8386397,163.7149059,189.6577424
98,120.1562952,132.2134588,169.3523878
99,74.44826339,113.9493488,149.9710564
100,101.2487346,136.1500362,98.17245119
101,239.5115774,229.5654848,216.9243849
102,198.4157019,156.5756151,176.1667873
103,103.2525326,215.3458755,222.2413169
104,191.600361,117.9296029,72.62563177
105,165.1850109,166.3301955,182.3823316
106,136.2590449,194.5662084,172.7261216
107,246.2738784,168.2239508,175.9804631
108,158.9641174,148.2714752,86.61145343
109,175.0416064,153.1143271,169.2883502
110,187.5832127,185.1081766,146.8983357
111,108.0242402,216.5940666,223.2753256
112,243.8066618,150.7849385,70.98479363
113,186.1696816,157.1382055,89.47105644
114,117.1439942,150.1490593,167.1410999
115,189.1573806,142.1946454,141.656657
116,169.2015195,140.9790159,118.3183792
117,167.8740955,144.3068017,118.4428365
118,243.807748,150.7856626,70.9858798
119,174.8440666,143.7004342,88.36505065
120,55.79305355,102.1924747,150.9428365
121,105.2901592,215.8795224,222.6845152
122,154.7152677,192.3259768,220.147974
123,118.3816932,165.4851664,200.9750362
124,101.1339834,120.5041531,163.347779
125,72.70730825,143.1201158,195.2011577
126,208.5744296,172.5805867,188.4262948
127,195.7833935,170.3949458,190.4425993
128,99.81801737,214.4497106,221.5036179
129,157.1266281,180.630246,90.46164978
130,222.1685962,141.1157742,156.5842981
131,187.2174385,156.6682344,71.25144718
132,242.1997106,150.910275,159.9826339
133,182.2404194,162.7494577,48.73174259
134,244.2416787,188.0188133,167.1389291
135,186.1678726,143.7018813,57.64037627
136,229.7246744,143.0061505,148.4384949
137,224.9978292,159.9963821,159.9963821
138,130.4015919,109.8458755,115.6606368
139,209.9609262,157.4963821,66.61143271
140,109.0415763,114.6247289,84.98553868
141,180.7261216,172.5173661,154.0643994
142,156.0434153,193.1244573,220.5542692
143,100.8411722,114.998191,153.9095514
144,135.6780029,199.1667873,224.2286541
145,91.66642547,109.0379884,152.4985528
146,191.723589,148.3075253,62.26808973
147,188.0608035,161.9996381,93.70466884
148,108.8560058,216.8118669,223.4547757
149,239.3501805,99.28772563,113.2064982
150,92.62662808,114.5437771,163.7586831
151,138.3314038,203.0390738,235.0969609
152,192.7738784,158.7304631,177.7489146
153,154.051013,95.34913169,124.4884226
154,211.4674385,182.3075253,154.5911722
155,105.5846599,215.959479,222.7510854
156,145.8987708,159.5979754,154.4956616
157,243,162.5,170.5
158,219.1311239,202.2939481,146.8159222
159,176.3114162,205.3081647,226.7655347
160,238.7290159,93.55752533,104.1856006
161,205.1387283,207.9790462,127.1101879
162,165.1850109,166.3301955,182.3823316
163,164.7742402,133.804631,123.9308973
164,215.4319826,183.7959479,159.5832127
165,145.9655922,121.0731619,156.6791018
166,210.4479769,178.699422,154.4645954
167,90.07959479,211.8958032,219.3921852
168,245.8774474,200.0841189,197.2527194
169,143.4898551,155.1855072,55.29275362
170,154.7807525,144.6407381,118.7890738
171,243.6638929,216.7116498,219.3896527
172,95.90991317,213.4251085,220.6562952
173,157.6787265,126.1519537,104.5788712
174,246.5452243,89.19428365,69.10672938
175,170.7787835,116.3997104,145.5314989
176,216.8140376,146.7246744,135.8994211
177,190.0235166,171.882055,136.3288712
178,148.3082489,126.2322721,72.92836469
179,180.9290883,127.6266281,154.1642547
180,208.181259,201.3737337,208.1577424
181,169.7105644,141.6924747,122.2409551
182,103.0452243,119.6859624,154.6700434
183,68.66606368,189.8209117,160.040521
184,105.7597685,215.9978292,222.7818379
185,134.7255612,107.1361332,146.4243302
186,231.7299059,182.4330196,175.5553946
187,92.86034732,192.3465991,223.4052098
188,155.2268452,92.17004342,113.9037627
189,219.1837916,144.3976122,56.9931259
190,201.0350941,155.0227931,174.0817656
191,178.8341781,202.4286749,192.7299059
192,176.0231548,143.3596237,57.04196816
193,182.3075253,165.8509407,181.4413893
194,216.4482259,133.737147,143.5503259
195,109.9011586,100.698769,83.60499638
196,95.85021708,213.4070188,220.6410999
197,230.4323444,51.68632417,73.54052098
198,225,160,160
199,179.4222142,136.4992764,96.24963821
200,241.6219247,132.026411,75.24963821
201,192.7011577,167.2945007,187.5043415
202,193.5195369,152.2648336,123.45767
203,160.6623236,153.4487876,160.6315599
204,243.922632,125.9323933,75.49132321
205,203.6092619,162.6931983,64.0130246
206,207.8683068,171.3986975,97.3422576
207,136.4124457,98.94645441,103.6646165
208,149.3986975,199.8835022,100.0340087
209,71.37807525,145.1172214,189.5459479
210,165.4178726,187.7026049,214.2073082
211,122.3502171,156.4898698,52.54341534
212,97.12662808,117.0560781,160.3494935
213,238.4971056,155.4135311,163.6979016
214,156.3147612,137.475398,92.73299566
215,133.116136,153.3089725,77.20875543
216,174.8104197,107.5748915,84.46128799
217,203.1005789,171.2159913,144.3929088
218,199.6016643,153.168958,166.9341534
219,152.4200434,142.8064399,98.31729378
220,115.5260492,218.5531838,224.8932706
221,171.2497282,142.8586444,130.3102573
222,156.3129522,147.4725036,89.31331404
223,212.3813314,186.0195369,139.1193922
224,171.2628344,196.3850325,142.2339118
225,180.8639653,215.5094067,150.8379161
226,138.7673661,180.933068,209.3295948
227,195.2366136,169.8299566,190.0397974
228,186.8464325,131.6577327,156.3994929
229,217.2315485,170.6233719,184.591534
230,85.33997104,123.2385952,141.6422882
231,231.9974665,182.6094824,97.23633731
232,92.78183792,111.6758321,161.0419682
233,108.3147612,216.6704052,223.3382779
234,211.7633864,132.9772069,121.0224313
235,108.4023155,216.6913893,223.3563676
236,191.2196093,162.7275687,183.568741
237,242.0709117,149.105644,158.3444284
238,236.3725561,171.9261405,172.4695873
239,141.2138206,83.97793054,74.27821997
240,177.9142547,142.672576,158.7514472
241,144.9978292,177.6519537,107.2612156
242,243,162.5,170.5
243,152.4879018,174.8736006,147.0180571
244,100.5325615,118.3657742,147.3267004
245,203.9182344,154.4536903,173.5173661
246,153.904848,133.7011577,110.3751809
247,220.7380608,98.66280753,85.85672938
248,122.040521,189.9001447,172.6353111
249,187.4703329,159.0662084,176.3006512
250,103.1132417,215.3100579,222.2141823
251,204.5094067,129.2105644,161.382055
252,110.6468886,217.2771346,223.8393632
253,180.4927641,159.7843705,123.4507959
254,177.9138929,134.9768452,86.82127352
255,188.8180174,154.6360347,165.4341534
256,168.2040521,152.5694645,180.0079595
257,144.7232272,190.0795948,124.9996382
258,108.195369,216.6392909,223.313314
259,121.9706946,161.8686686,75.8422576
260,127.2366136,155.2926918,92.57452967
261,163.0560376,148.967462,124.9356471
262,162.8259768,135.0376266,115.6262663
263,163.3762663,185.8849493,117.2630246
264,243.5658466,170.646165,177.892547
265,104.7970333,121.5151954,154.2424023
266,166.0799566,148.2018813,175.9992764
267,179.3013401,117.8250634,145.3962332
268,187.6186686,154.1382055,176.6107091
269,162.0976845,200.4963821,183.7510854
270,204.1577424,220.9001447,205.0354559
271,201.1497829,159.5904486,61.55137482
272,88.9012301,182.9359624,229.5162808
273,186.1186686,144.1107091,105.8002894
274,121.4062952,108.7413169,100.6555716
275,184.7308249,168.6541245,74.59768452
276,139.0311143,180.2029667,201.7601302
277,172.0962373,136.3342981,159.3068017
278,185.5672938,142.841534,144.0340087
279,151.2098408,113.8057164,108.9479016
280,106.5557164,216.2069465,222.9547757
281,103.5719971,121.7073082,159.3491317
282,120.9287265,125.6808973,143.9356006
283,188.3075253,136.4204052,92.88422576
284,103.5097685,122.0564399,168.1005789
285,208.686686,170.2550651,81.8621563
286,143.2272069,145.3777135,179.4457308
287,216.0050688,198.2480087,171.8421434
288,114.5274964,133.4688857,123.7159913
289,213.4739508,101.8267004,85.56078148
290,152.2409551,183.7015195,87.23733719
291,241.4193198,119.9041245,131.9804631
292,208.2416787,97.85455861,97.85455861
293,239.3712012,99.54124457,113.4370478
294,182.8193033,104.9960087,114.1912192
295,127.1758321,152.9656295,168.1085384
296,200.4819103,90.1646165,114.2793054
297,113.2627764,139.3798478,99.38818412
298,96.39146165,213.5531838,220.7626628
299,160.5,184.5,119.5
300,196.6067294,146.5430535,84.49529667
301,207.5604197,161.0875543,178.8447902
302,207.5604197,161.0875543,178.8447902
303,185.1057588,206.5574067,215.3842811
304,172.2460203,203.3455137,185.9240232
305,105.1269899,215.8346599,222.647974
306,249.0629522,232.0520984,137.095152
307,170.3878437,181.1541245,67.67438495
308,164.1403763,131.7539797,108.5871925
309,102.9261939,121.0278582,143.8234443
310,233.1327786,228.3375543,204.9703329
311,245.3545586,69.57959479,72.30101302
312,164.4227289,127.6739052,76.06985161
313,99.94138929,214.473589,221.5224313
314,192.7011577,167.2945007,187.5043415
315,190.6103473,82.52279305,109.5730825
316,115.788712,218.6212012,224.9515195
317,94.21273517,148.8379161,183.8408104
318,103.1729378,215.3212735,222.2246744
319,181.1526773,145.0636758,146.2185239
320,224.461288,216.883864,219.1758321
321,97.72069465,213.8972504,221.0466715
322,148.6671491,151.2044139,112.9732272
323,141.4450072,160.5582489,74.91136035
324,198.6339609,145.147357,93.55430847
325,103.3162084,215.3632417,222.2575977
326,109.492,216.9765714,223.5908571
327,101.352,214.8474286,221.83
328,240.9562857,183.9368571,121.4597143
329,113.5188571,220.4194286,151.2485714
330,255,133.4842857,156.312
331,206.13,165.234,242.1762857
332,255,132.6268571,155.6211429
333,255,134.5451429,157.186
334,240.3985714,181.1374286,116.1974286
335,239.682,177.5054286,109.3768571
336,239.7434286,177.832,109.9834286
337,207.2082857,167.228,242.4611429
338,240.5168571,181.7185714,117.2814286
339,255,90,121
340,240.5336469,181.8324891,117.5054269
341,79,209,217
342,179.8894043,194.5578613,202.5688477
343,240.6219839,167.9664879,39.73458445
344,74.78491211,125.7331543,143.1306152
345,180.8149414,180.4841309,80.94311523
346,164.9069824,187.9663086,145.1845703
347,176.1838379,112.2558594,88.37719727
348,176.8981934,134.8981934,89.13793945
349,200.285793,209.3816079,204.2020925
350,78.92773438,144.2316895,180.027832
351,115.4805825,204.8500539,247.0776699
352,139.4025875,78.88432268,74.23744292
353,68.23852539,75.91064453,113.2971191
354,127.051013,170.9070188,122.7083936
355,71.91567137,157.9337676,147.1368078
356,68.42779587,157.1132827,148.6851249
357,79,209,217
358,64.66606368,70.31693198,74.31693198
359,105.0455861,104.5119392,93.75976845
360,164.4815485,154.9363242,122.4848046
361,211.0495658,193.9091896,144.2908828
362,251.3668596,228.0459479,163.6906657
363,210.9945731,193.852026,144.2492764
364,162.8896527,153.0224313,120.9645441
365,104.9869754,104.4565847,93.71599132
366,255,206,49
367,73.98191028,78.86541245,82.61758321
368,246.1138913,222.8714409,159.9559965
369,246.130809,222.8872633,159.9707401
370,239.8227207,217.668958,150.3234443
371,255,202,40
372,255,209.1180223,64.40669856
373,249.4972973,195.5858108,77.72567568
374,216.004065,75.17886179,90.38617886
375,225.3584102,227.066714,174.5919092
376,214.4261046,235.2762824,222.7521585
377,217.8310047,228.1204258,222.7325349
378,212.9709935,230.75562,241.5815809
379,204.1337467,239.8795394,255
380,234.5532234,228.7376312,204.6776612
381,194.7417127,208.0649171,207.196593
382,48.48828125,53.23779297,48.48828125
383,189.9062159,204.9640131,215.523446
384,234.4892589,168.4607948,86.066058
385,217.6174884,178.8524653,103.9260401
386,228.5855482,195.833887,155.4015781
387,154.6112511,116.9252729,83.73383711
388,126.6556604,183.8396226,75.2845912
389,121.7662037,171.0856481,66.85069444
390,130.8039713,178.9712717,77.45120406
391,127.4859272,161.8460265,76.42549669
392,118.0304838,170.5334659,66.03048376
393,229.9397019,72.34823848,63.47357724
394,190.6049475,106.1986507,111.6491754
395,255,196.5826613,206.9208669
396,179.9780635,108.6406959,68.50680787
397,234.9796976,149.6816415,139.5192225
398,178.4232704,160.7622642,96.79811321
399,233.5269433,208.6380544,128.9365761
400,196.7653495,203.4328267,48.54346505
401,239.7376789,196.3736089,94.79809221
402,127.8877756,185.8857715,76.34468938
403,125.512987,182.1666667,73.04935065
404,244.3997404,132.7086308,94.20441272
405,251.2678176,209.9353696,56.5480301
406,102.0944386,180.7040923,138.6316894
407,228.79092,131.0561529,160.4994026
408,218.7079365,93.1031746,59.16269841
409,123.3605528,62.27386935,111.1476131
410,148.6194503,113.8044397,172.9698732
411,219.421468,219.8070245,149.7332281
412,211.411859,113.5133547,80.79861111
413,223.0822989,160.828046,48.79586207
414,226.9129089,220.0234306,49.23916888
415,235.9235294,217.3764706,53.74537815
416,178.3133369,152.1531869,64.22013926
417,234.0300375,81.41426783,60.94409679
418,138.7382046,194.7231733,61.74906054
419,199.435454,212.6553428,75.58554663
420,239.8632891,150.3067953,93.29835143
421,210.7630435,81.81902174,49.48369565
422,220.188671,105.5538126,74.57647059
423,210.3104575,154.0735294,72.51405229
424,206.5738972,133.007276,77.99135971
425,183.8302723,140.3951868,105.1317289
426,177.7545284,125.7957527,91.1361649
427,126.7585829,96.5376187,70.55661066
428,169.8847584,178.6212309,175.9636514
429,178.1417883,187.872428,190.8275346
430,202.4731947,168.8309628,138.9956236
431,226.5248042,193.9112272,131.8668407
432,214.5583512,185.3206638,145.5588865
433,221.5804965,184.9382979,152.1223404
434,244.3140911,143.5937612,43.75044819
435,216.3610847,135.2711703,61.7188392
436,206.1794872,190.754386,151.417004
437,156.1996403,151.5089928,145.2332134
438,221.186824,160.0122911,117.7551622
439,247.6639133,197.4088797,26.86783686
440,230.2713693,217.4211618,225.1485477
441,210.2838785,168.2096963,119.0741822
442,201.3324397,185.480563,157.8451743
443,201.5904092,183.7531896,161.6779586
444,249.4765421,109.2688966,131.3944396
445,228.0337838,187.3108108,115.5639905
446,174.3193069,128.7722772,98.18118812
447,250.682047,176.9572148,192.3456376
448,174.9657996,148.7259152,161.1112717
449,211.5106257,165.1168831,113.1168831
450,190.3228591,143.8180249,62.7406768
451,205.1771951,136.2912197,110.5284068
452,160.5367156,115.7643525,108.1545394
453,133.2342621,112.620743,86.95149639
454,137.3096085,132.1814947,124.5978648
455,164.2147505,174.1605206,174.9934924
456,202.5950961,218.2392313,189.2968854
457,240.7241015,235.9122622,211.4249471
458,150,22,35
459,194.0193548,185.9548387,127.2903226
460,203.5473684,186.6263158,94.92894737
461,252.0806045,225.3488665,178.6139798
462,244.7819277,219.4271084,170.1740964
463,162.6892966,203.830581,211.7883792
464,206.2697769,215.8696755,222.6871197
465,165.591224,171.1778291,104.0023095
466,237.588474,176.5357143,170.8015422
467,223.9287879,77.79090909,81.61818182
468,127.8333333,138.9173442,86.9796748
469,211.7973799,127.6733624,128.8537118
470,217.3799441,151.3859369,66.83379944
471,139.0046904,158.1791745,74.84052533
472,237.8683803,173.9814184,172.9631465
473,238.9668628,172.6534531,172.8296686
474,233.8361722,169.4577269,168.509136
475,231.1842676,166.447507,165.5769588
476,228.7510065,165.2610715,165.8563023
477,238.9612883,174.2867761,168.0436668
478,154.7145488,197.6151013,145.1307551
479,114.487793,110.3154297,89.66845703
480,235.8938182,78.19781818,93.87709091
481,180.0618253,140.5937193,77.01864573
482,187.9210698,163.2446184,126.4892368
483,163.3409926,136.8538603,75.62591912
484,206.8190083,183.4652893,192.7578512
485,187.7489736,162.2651026,95.12258065
486,151.4994273,145.1939672,144.757541
487,178.0444297,158.6982759,146.9953581
488,161.0441941,219.1247834,205.8292894
489,106.9082031,105.4462891,96.20507813
490,81.84303069,155.601023,194.016624
491,81.82080925,83.84723369,78.77456647
492,179.3588235,192.2602941,145.3897059
493,244.8660489,95.91406908,105.5147431
494,122.1028278,125.8800343,128.4918595
495,117.2194534,128.1125402,97.51446945
496,115.357111,122.677218,129.4369148
497,62,67,71
498,236.8160966,164.2028169,97.0221328
499,148.4121429,121.3564286,162.5964286
500,169.0527597,141.325487,128.2053571
501,176.3617494,110.2312824,89.08450704
502,151.7301415,176.8150163,113.0174102
503,121.9117883,150.5204491,159.0705694
504,79.28447091,84.102153,87.88502061
505,133.3234443,223.2011577,228.7348046
506,58.48901903,118.0380674,136.385798
507,212.399654,181.441609,137.0661765
508,92.94782609,78.13320158,83.85296443
509,217.9503508,144.003238,149.5364274
510,231.1919014,168.3838028,102.245892
511,124.4046529,124.6693364,124.7185355
512,161.395562,136.1509889,146.1717318
513,67.80506329,66.32468354,61.29810127
514,136.2165786,143.4213734,145.2580252
515,164.0651058,163.6244387,165.2601026
516,80.60130246,80.91751085,81.16859624
517,224.3341232,222.6042654,222.7760664
518,140.2043498,133.0357952,134.1662891
519,133.7446541,67.39559748,67.39559748
520,77,83,87
521,77,83,87
522,224.0143072,179.4849398,42.67996988
523,167.7833501,114.9478435,53.8224674
524,157.97151,160.3238367,160.5080722
525,211.815534,167.9182848,35.10032362
526,175.8030547,112.2451768,38.23231511
527,130.4116356,139.8232711,145.1163557
528,140.6024717,209.6924133,160.0164779
529,208.7361246,170.3184031,133.1733204
530,112.6313173,176.0671085,48.50952775
531,216.4217009,126.7290323,80.80058651
532,61.77661133,103.3686523,61.77661133
533,138.6504104,178.4297441,131.7411878
534,116.2822665,138.2885624,117.2193075
535,130.9506821,147.3273872,119.019937
536,107.5603358,125.8079748,103.7376705
537,94.21091291,112.9622246,92.14480588
538,85.41028332,108.5855194,92.86463799
539,135.7166842,149.9664218,92.15844701
540,175.1699085,172.0703661,201.1184211
541,179.8758581,170.5852403,197.1727689
542,161.2454233,151.7889016,179.1630435
543,147.6281465,136.7339817,165.0600687
544,133.2826087,129.5343249,166.2482838
545,182.1338673,175.2534325,169.7631579
546,225.0169683,178.5542986,65.57522624
547,239.8083601,186.6655949,43.43794212
548,164.611631,128.2493316,100.1911765
549,164.6971925,127.6764706,99.52874332
550,162.9612299,125.8656417,97.60762032
551,161.2941176,123.9919786,95.87700535
552,159.8415775,123.3716578,96.22526738
553,164.9030749,128.2627005,96.75334225
554,165.6847535,139.1891479,119.5089797
555,189.9580392,159.8780392,180.8007843
556,167.1354412,200.1293063,211.4483247
557,166.7017461,194.6215196,205.5974516
558,153.8423785,181.1212836,190.9084474
559,142.9716848,168.3912223,178.8485135
560,129.6937235,161.8343558,179.8055687
561,167.2482303,198.4959887,184.3430864
562,119.5117289,132.5899218,116.6768028
563,128.7437011,136.6229366,116.2137272
564,109.8453519,118.4908775,101.4048653
565,97.90616855,106.2458732,90.14509123
566,87.73935708,101.0582103,91.17376195
567,132.5369244,140.3006082,92.12771503
568,150.0984204,159.5941677,97.51761847
569,146.1256545,83.35543921,91.3414776
570,148.5730007,91.47322084,69.70506236
571,216.0241636,170.1226766,142.2314126
572,219.1675109,222.725398,222.5383502
573,163.765279,122.3737821,66.12046058
574,140.2771619,121.7350333,125.9634146
575,233.2326241,88.3749409,91.49078014
576,164.1525879,187.9960938,202.753418
577,181.4069824,205.2143555,155.0803223
578,209.8251953,219.482666,180.4260254
579,199.7333932,172.0798923,54.56912029
580,212.4171988,181.3988931,155.8254576
581,185.0527194,203.0680681,168.0023357
582,171.7741408,152.4216039,151.7211129
583,192.8235867,201.8065302,208.0336257
584,206.7512207,204.4499512,162.4978027
585,164.1784668,207.6728516,201.2980957
586,189.2844238,207.9274902,165.1174316
587,156.4573503,170.4782214,168.4095584
588,219.1375383,177.674551,154.6040298
589,190.4011649,170.8212596,123.8714962
590,123.6337357,140.7258577,144.5959339
591,174.1,177.2444759,180.9368272
592,173.9713701,193.993865,188.7374744
593,181.4583498,190.979471,198.8156336
594,167.2844444,171.5044444,174.2925926
595,127.8496241,158.0054945,142.4525737
596,164.4764151,182.8642558,182.1399371
597,230.0391104,162.2990798,187.866181
598,221.7403994,181.0134409,149.6808756
599,212.4983618,183.6130324,163.1576265
600,169.520403,165.2828715,152.3478589
601,206.5346021,151.1133218,144.2902249
602,224.8720472,62.15255906,54.65305118
603,203.0583942,154.8083942,138.4354015
604,163.4547861,187.4292016,197.4565505
605,168.9126926,122.4930301,114.7652238
606,198.2532189,198.6652361,199.0017167
607,72.24549356,76.99914163,80.76909871
608,221.8983722,72.23053234,127.825341
609,235.4320988,174.7700617,5.617283951
610,189.185907,190.0929535,190.814093
611,205.4663144,149.1941876,116.4306473
612,130.543886,88.81545386,58.3195799
613,255,225,189
614,254,208,172
615,214,165,124
616,180,125,86
617,138,104,89
618,174.8501305,161.9942559,163.3921671
619,204.9081115,188.1318124,193.2015209
620,166.746008,123.6297405,92.74301397
621,144.1442406,154.8975535,162.8195719
622,178.9120615,164.8375781,167.8894762
623,212.2749465,156.8256959,91.28907923
624,214.6056275,180.6011612,112.0151854
625,209.8677536,203.2463768,205.7669082
626,111.7073791,118.7133164,118.4011874
627,129.5384615,180.7115385,58.93555094
628,150.3409533,188.6838521,61.62062257
629,87.17523681,212.0094723,217.6224628
630,175.3324314,168.2551218,57.36528798
631,140.2433862,181.3004115,58.12639624
632,165.2460384,127.0783987,84.31526272
633,166.2569647,168.5247401,170.1887734
634,231.7647059,219.7259866,207.6507818
635,206.8996777,202.0205479,208.3730862
636,160.5295829,121.4272551,91.29970902
637,189.9692408,99.3776178,77.57918848
638,219.4852174,211.0724638,216.333913
639,193.9095436,161.7809129,132.9294606
640,231.2156863,144.7397876,169.4665033
641,150.2839506,112.1919554,100.0585424
642,166.9519321,170.706409,177.5004713
643,203.8714214,160.3877449,215.3134103
644,212.2535714,182.4214286,157.9473214
645,129.3044444,180.7138889,49.59555556
646,102.957809,110.0118431,113.5144338
647,189.6005775,164.8902791,83.99518768
648,150.646286,85.86963113,94.37695806
649,119.5051429,146.0314286,156.0822857
650,193.3446429,145.2,90.3375
651,200.5488636,163.1886364,127.3926136
652,159.6649275,162.1617391,78.94376812
653,245.2937726,223.0027076,142.1493682
654,249.9544109,205.0307874,69.60035524
655,247.7860577,205.9116587,68.92007212
656,83.69271175,168.0840446,205.2678923
657,177.2542289,174.3084577,170.2089552
658,167.8515267,178.7900763,184.7358779
659,237.3210453,130.5580961,175.404573
660,224.4108566,180.8924303,140.7878486
661,220.4532682,170.1728772,125.1508858
662,90.84484193,194.5798669,223.3099002
663,205.110396,187.4193069,192.5445545
664,183.1868375,157.5053004,156.8931095
665,211.6390152,172.3715909,120.3375
666,208.9648318,203.6901121,206.3623853
667,123.2699754,129.8521647,127.3794439
668,146.6227428,179.8330893,68.397755
669,101.3159356,204.3131594,230.6735147
670,195.4964706,159.9482353,117.9270588
671,171.3131739,130.5541491,99.18846695
672,189.3281118,157.2773074,129.3128704
673,237.5838311,155.3783353,177.3974512
674,163.1059226,196.0030372,94.99658314
675,235.5325291,184.6311935,129.196467
676,138.4456522,154.444847,162.8232689
677,154.2766541,119.9482345,88.81590675
678,150.9675026,163.5598728,172.1737902
679,231.0573529,140.5308824,165.8411765
680,66,173,226
681,171.2411995,141.3683181,108.9784876
682,181.1759259,178.4372428,173.3333333
683,122.9402469,220.4908642,226.4933333
684,124.4432099,149.5925926,163.1864198
685,248.5417989,214.1587302,178.9227513
686,246.2640212,196.3751323,157.0238095
687,205.4772487,156.2243386,116.7835979
688,171.4772487,116.9873016,79.83015873
689,131.2936508,97.83015873,82.83015873
690,249.8529101,206.0238095,97.57566138
691,252.2133096,218.7480689,182.4545455
692,248.6125966,201.8526441,165.7112299
693,210.8229352,160.0843731,118.4985146
694,174.0998217,120.1931075,81.80510992
695,133.9435532,100.0154486,84.95840761
696,252.3606655,214.4343434,100.1027926
697,215.0870989,98.01113294,104.7098887
698,224.3267167,103.4715665,113.5091202
699,252.2280817,220.3408042,184.663151
700,250.6756757,203,165.5616348
701,210.2715319,161.1623932,120.8441815
702,176.3381674,121.5530653,83.35530653
703,135.1199736,101.3553065,86.35530653
704,252.7870798,214.5616348,100.6736981
705,252.1961691,220.2892999,184.6142668
706,250.6380449,202.9425363,165.4900925
707,210.2873184,161.1809775,120.8586526
708,176.2959049,121.514531,83.32430647
709,135.0885073,101.3243065,86.32430647
710,252.7488434,214.4454726,100.6311963
711,252.17357,220.251808,184.5811966
712,250.6022354,202.8915187,165.4201183
713,210.2577252,161.1492439,120.8330046
714,176.2794214,121.4990138,83.31229454
715,135.0650888,101.304405,86.304405
716,252.7580539,214.4714004,100.6403682
717,252.2035691,220.301388,184.6252479
718,250.6470588,202.9550562,165.5069399
719,210.3060145,161.1989425,120.8757436
720,176.3060145,121.5228024,83.33179114
721,135.0958361,101.3317911,86.33179114
722,252.7713153,214.5069399,100.6536682
723,249.7227373,216.1315673,180.7615894
724,247.6701987,198.4909492,159.7470199
725,207.0309051,157.8220751,118.0803532
726,173.0309051,118.4534216,80.93554084
727,132.5161148,98.93554084,83.93554084
728,250.7721854,208.7470199,98.56600442
729,245.7745754,217.981472,185.2022645
730,244.1760165,201.131755,166.3175502
731,205.0643335,160.9191971,123.7025219
732,172.1492537,122.5717962,87.42408646
733,132.3896037,103.1585178,90.32835821
734,246.4395265,212.0627895,104.2439527
735,251.7558783,219.5497925,183.9384509
736,250.1120332,202.1562932,164.4702628
737,209.7171508,160.5926694,120.3706777
738,175.7171508,120.9771784,82.91078838
739,134.6293223,100.9107884,85.91078838
740,252.4142462,213.4702628,100.2731674
741,250.4855453,217.4211564,181.955979
742,248.5959264,199.8666229,161.5249671
743,208.0374507,158.8725361,118.9369251
744,174.0374507,119.4040736,81.68002628
745,133.3173456,99.68002628,84.68002628
746,251.390933,210.5249671,99.21353482
747,250.4855453,217.4211564,181.955979
748,248.5959264,199.8666229,161.5249671
749,208.0374507,158.8725361,118.9369251
750,174.0374507,119.4040736,81.68002628
751,133.3173456,99.68002628,84.68002628
752,251.390933,210.5249671,99.21353482
753,236.9635365,208.0529471,175.5884116
754,229.5719281,189.5244755,156.8891109
755,193.462038,153.6703297,120.1943057
756,161.0714286,117.9330669,87.6033966
757,122.8776224,98.4995005,88.09440559
758,236.6683317,201.6168831,104.8526474
759,251.5223077,219.1623077,183.5769231
760,249.8415385,201.7346154,163.9315385
761,209.4169231,160.2784615,120.1238462
762,175.4169231,120.6823077,82.72384615
763,134.3930769,100.7238462,85.72384615
764,252.2446154,212.9315385,100.0769231
765,220.4635294,187.6476471,61.50705882
766,152.7676471,157.9477941,207.0977941
767,62,67,71
768,181.7455059,201.1774525,211.0120699
769,64.47600315,169.5247836,221.9059795
770,64.13211488,133.2104439,182.4986945
771,237.757841,109.9314369,154.7250182
772,239.1992032,112.7219124,103.2737052
773,91,99,107
774,255,166.1520755,191.7173585
775,68.30648065,161.590009,194.0288029
776,131.3289183,167.3461369,172.2772627
777,213.9680349,82.42426444,109.5568471
778,100.7570346,100.922619,100.8874459
779,127.7272727,137.793667,111.2563841
780,110.1880896,108.90625,112.4557783
781,159.4760614,161.7199639,123.3369467
782,184.5418994,71.25139665,74.8027933
783,66,173,226
784,93,109,116
785,93,109,116
786,194.301345,169.6819338,144.5710651
787,232.6157761,192.7444566,149.3820429
788,170.5547074,134.9367503,106.9218466
789,134.7131952,100.1057797,75.34569248
790,110.0690658,87.67211923,77.40930571
791,244.8873137,200.7237368,75.94947292
792,170.030333,145.4695021,131.6422684
793,225.6139136,186.0075833,145.906693
794,153.548302,121.3488295,105.5057699
795,116.6521596,88.48829542,76.45598417
796,99.46785361,79.79525223,77.96076492
797,242.3564128,191.4817013,69.80514342
798,193.7985016,168.1616719,141.2397476
799,228.1533912,187.5394322,144.0130126
800,169.0670347,132.1707413,102.2681388
801,134.0843849,97.65457413,70.8477918
802,108.3537066,84.62894322,73.2373817
803,180.1586957,174.2145963,98.2673913
804,146.057764,156.2621118,107.2164596
805,190.4149068,172.7344721,93.43074534
806,200.7062112,171.326087,88.49223602
807,156.3552795,154.8590062,102.2506211
808,203.0084516,166.1466948,86.37881075
809,210.0769695,165.6601268,82.64412919
810,220.064594,164.2810142,77.83791126
811,193.5879867,142.8563236,85.7020827
812,192.5996791,153.8026474,98.52025672
813,198.7127394,156.2210658,98.10324729
814,240.192429,196.2669558,73.0615142
815,165.3250246,140.2486061,120.4365366
816,225.5040997,184.499508,136.0872417
817,146.7208921,115.1695638,92.94424401
818,106.6546409,79.54837652,61.43161692
819,88.597245,70.54673664,62.79337488
820,224.7180164,158.3835094,74.80311033
821,222.3392019,131.6778169,73.36296948
822,231.5833333,157.9063967,71.16989437
823,238.4187207,157.5090962,67.45569249
824,229.1781103,131.26027,69.75792254
825,237.7597765,138.6160149,72.12216015
826,238.9962742,143.8155738,72.11885246
827,243.4680223,189.8878321,55.66841587
828,185.254754,143.6728041,89.97313613
829,205.4249875,153.5639739,79.45659809
830,163.9454638,165.0912334,99.79001019
831,244.9871971,169.9469593,73.36808413
832,163.7513812,164.7943962,156.0209155
833,172.9483031,165.992502,152.7127072
834,147.0540647,140.3614838,129.5493291
835,129.2296764,121.1985004,111.715075
836,111.5781373,112.1685083,113.5224941
837,172.7199367,170.2618671,118.3623418
838,191.0370085,146.9028527,75.72860447
839,185.5838446,166.6973415,154.2273347
840,221.5562372,193.1111111,163.3118609
841,173.896728,150.9740968,137.0480573
842,149.7249489,129.5224949,118.0899796
843,139.2413088,124.2886844,118.8139059
844,232.443422,196.3616224,114.7361963
845,224.6698641,199.2070344,158.3305356
846,224.029976,189.1634692,148.1119105
847,200.4228617,163.9292566,120.1350919
848,180.3868905,140.3844924,97.7733813
849,155.1530775,127.6051159,100.1418865
850,226.3876898,198.0175859,108.4240608
851,169.8823065,147.0995261,137.985782
852,170.5272512,142.1137441,132.5379147
853,155.850316,126.5671406,115.7421011
854,143.8116114,112.5888626,102.4960506
855,128.8894155,104.9237757,104.1101896
856,172.78594,147.8751975,108.657188
857,142.3402803,167.4577794,176.4534675
858,142.0032339,161.6248653,170.6140855
859,128.2694934,146.863816,154.1415738
860,116.6033058,133.1422925,141.1002515
861,101.6913403,125.5001797,142.6730147
862,143.8444125,167.2892562,147.4710744
863,207.850211,194.4848805,174.245429
864,207.1933896,183.283052,163.0341069
865,180.833685,154.9433896,131.4001406
866,171.2911392,140.1283404,117.4623769
867,143.6135724,126.281294,119.4317862
868,207.850211,191.8491561,117.5650492
869,164.3461538,166.8714178,163.6659125
870,164.0392157,161.6979638,158.4909502
871,151.8687783,148.6161388,143.8868778
872,141.5267722,136.4532428,132.3291855
873,128.7779035,130.071644,133.2435897
874,164.1793807,165.4743202,137.6544562
875,200.6550674,187.2200957,173.1644193
876,213.4275772,189.6072205,169.1283167
877,179.3792953,156.2470639,139.6707264
878,156.2527186,131.5815572,116.7655502
879,134.5824271,120.8251414,118.2822967
880,217.7024793,196.1265768,122.2966507
881,231.4662456,166.282274,101.1160679
882,231.900908,160.9873668,95.44848006
883,217.0986972,145.2645085,78.33872878
884,204.8752467,131.0193447,64.82550336
885,189.6036321,123.1812081,66.47769443
886,234.1136992,166.8562969,71.17686538
887,179.7758564,150.9334421,140.9220228
888,228.5513866,186.6358891,153.1311582
889,163.3340946,129.0065253,116.9301794
890,129.8920065,99.1680261,90.49461664
891,115.2936378,91.90081566,91.55040783
892,243.3996737,191.2401305,86.754323
893,139.4726387,104.7908546,95.27661169
894,198.2287645,108.0405405,97.28185328
895,119.6138528,211.2463203,192.9670996
896,193.9928122,191.9775382,186.8499551
897,211.794699,201.8800539,188.2533693
898,180.9025157,172.8328841,166.1046721
899,162.5296496,154.6347709,149.524708
900,148.8539982,147.6954178,150.787062
901,218.0143756,206.5804133,150.7511231
902,177.2423015,203.0121556,87.39667747
903,144.6245833,142.6083333,190.6445833
904,208.5926189,109.3977999,98.20440028
905,186,182,182
906,174.4769776,144.4214876,152.7064148
907,215.7005116,173.969697,162.6280992
908,159.7217631,124.3959071,130.7737111
909,130.6088154,98.04958678,107.3451397
910,116.2302243,90.87249115,108.4057458
911,228.1007477,178.2955529,104.2841401
912,103.2305059,99.21529099,93.67440091
913,103.0802587,96.6550019,91.1103081
914,97.05933815,90.18638266,83.88931153
915,91.95701788,84.17687334,78.17306961
916,85.48649677,80.88056295,78.79307722
917,103.2686454,98.63888889,80.73896499
918,194.6125,103.9131944,91.77847222
919,231.1126565,130.3351878,100.9659249
920,183.5792768,87.62934631,74.11613352
921,159.0987483,65.74965229,54.75382476
922,147.4095967,59.80945758,55.84353268
923,242.2955494,134.1808067,50.6349096
924,153.9956255,119.9072616,124.6885389
925,245.01082,179.0871298,127.070615
926,243.7904328,169.6087699,115.3912301
927,222.0432802,148.1890661,93.92027335
928,203.9083144,127.261959,74.20615034
929,182.465262,117.0335991,75.80353075
930,245.7161547,174.9010239,83.75654152
931,179.0765211,151.9212393,156.4120941
932,215.0578574,175.608436,162.4162001
933,160.6599477,126.7375887,129.0085853
934,130.7006346,98.51250467,103.6412841
935,112.5405002,89.43747667,105.2765957
936,227.1802912,181.3982829,103.3863382
937,163.5415282,137.8959025,144.8475452
938,211.0125508,174.0114433,158.4603175
939,152.1937985,122.6430417,128.1192322
940,123.2890365,97.69878184,106.2569214
941,112.3133998,92.22591362,107.0631229
942,224.981543,177.2229605,100.1310447
943,201.1558172,185.4563712,194.6759003
944,199.486747,129.9349398,141.8903614
945,147.8133841,187.2850925,149.3857454
946,219.506752,73.57071784,81.7960199
947,214.4903766,199.6205021,205.3460251
948,169.8621622,204.0067568,209.9554054
949,170.0562099,110.1986081,231.1927195
950,219.9712937,149.67558,84.39323634
951,164.1852399,137.6745387,129.1845018
952,216.016995,146.0177675,84.98764002
953,249.115678,156.6673729,172.9088983
954,255,90,121
955,255,90,121
956,255,90,121
957,255,123.2649874,148.018136
958,255,90,121
959,227.7764706,100.7182073,123.5081232
960,102,202,242
961,133,232,69
962,245,206,62
963,194,143,239
964,248.7433849,127.0154768,151.131303
965,255,91.43654002,122.43654
966,255,90,121
967,151.6808797,204.9362657,233.258079
968,242.0575035,197.1227209,56.16760168
969,255,90,121
970,71.26011201,71.44243933,72.45364032
971,66,173,226
972,245.1305399,130.731668,47.84770346
973,117,214,255
974,117,214,255
975,149.8822606,184.4133961,203.6425955
976,152.1099874,123.806574,105.325748
977,250.8449574,218.0175615,182.5168088
978,249.0150527,200.5168088,162.3547416
979,208.5153036,159.3532363,119.3557451
980,174.5153036,119.8464626,82.03562469
981,133.6803813,100.0356247,85.03562469
982,251.6864024,211.3547416,99.50978424
983,255,213.7334542,105.4360834
984,91.25165049,212.2062136,219.6493204
985,79,209,217
986,255,90,121
987,255,90,121
988,177.3867754,168.5688406,102.9515399
989,77,83,87
990,77,83,87
991,148.7062328,165.0678277,172.7066911
992,184.2601902,149.3848505,124.8206522
993,141.810462,180.6633832,104.3532609
994,105.1423234,170.7204484,209.1834239
995,181.4439538,139.3804348,224.3838315
996,168.7888031,195.2254826,135.5428571
997,109.9164255,219.5445007,148.6070912
998,90.28020348,171.2971598,211.865621
999,69.92560554,74.02422145,77.29584775
1000,96.99825358,97.95948306,94.56723716
1001,70.86462451,141.7959486,177.4189723
1002,154.3165021,135.0541608,134.3421721
1003,214.3563676,214.6711288,214.9055716
1004,204.7633864,154.1613603,232.5767004
1005,226.0271853,140.6386449,91.78084483
1006,196.658559,84.43597981,48.4446994
1007,189.1827808,200.1855433,206.2628913
1008,204.4454976,214.552779,219.4791038
1009,205.5167785,174.2917489,182.2996447
1010,190.9624237,173.1052137,179.4988257
1011,161.7308585,187.837123,156.4802784
1012,200.3339844,229.4902344,217.3322754
1013,239.3369141,200.0205078,204.7348633
1014,137.3330896,132.3542962,55.98720293
1015,228.0776656,215.2233436,203.4260641
1016,221.1501155,87.32678984,95.96997691
1017,232.0995305,98.30422535,111.600939
1018,148,152,155
1019,215.9927653,183.9959807,111.3657556
1020,250.3421186,201.8844399,50.07957425
1021,199.3746456,201.7156744,207.7355205
1022,204.1084284,155.0939421,121.4113257
1023,79.1304753,156.9753029,195.8443616
1024,166.6441546,132.5323708,199.9021891
1025,225.9994995,112.7762763,122.3653654
1026,194.4581281,201.5608726,204.2670654
1027,148.7402402,192.043043,111.7602603
1028,104.9099099,179.7872873,220.1736737
1029,245.8683684,196.7842843,95.33233233
1030,188.0101086,145.8779483,137.2130288
1031,244.6184932,196.6674658,207.3804795
1032,232.1549149,216.6467523,185.5161514
1033,242.4186734,222.4347275,188.2289818
1034,93.80246914,100.8024691,104.8024691
1035,107.1694984,121.0360032,91.92435275
1036,141.2021053,151.322807,153.3014035
1037,96.75608407,98.84734513,101.5127212
1038,163.5715152,82.19818182,100.1266667
1039,211.1671208,153.3578565,162.397366
1040,199.9426785,119.1886399,95.19176655
1041,173.6870968,150.383871,94.11612903
1042,194.3013845,150.7192048,119.3049343
1043,183.6741071,201.9237637,214.7527473
1044,191.3366142,211.2330709,221.9610236
1045,202.9114583,188.3063151,197.4186198
1046,90.90605036,86.02329951,89.52085682
1047,94.33370913,86.54002255,90.33220594
1048,124.7899286,117.8064637,122.4021045
1049,101.1683578,96.17587373,99.69973694
1050,215.469639,76.3952407,83.68107221
1051,218.6616541,154.8904404,12.38882922
1052,180.7784543,182.6435597,183.9255269
1053,82.24342105,83.52938596,81.675
1054,120.4012388,105.9139711,62.48657949
1055,240.5383502,181.8053546,117.433068
1056,240.7695369,182.9424747,119.5904486
1057,159.6269899,86.15267728,99.95549928
1058,109.5643994,216.9884226,223.5991317
1059,70.23479152,75.92686261,79.87833219
1060,86.56482982,89.19894652,84.52228525
1061,101.3203518,125.190536,138.3387772
1062,112.1301059,95.86459909,134.8067322
1063,196.2904251,146.4978149,113.6368693
1064,122.6461039,137.0115955,142.9925789
1065,92.76749436,96.76711813,99.9586155
1066,198.5375587,128.129108,131.2230047
1067,105.0473951,215.813314,222.6287988
1068,109.7912446,217.0607815,223.6620839
1069,110.7583213,217.3086107,223.8664978
1070,77,83,87
1071,126.2952243,221.3690304,227.2188857
1072,237,164,84
1073,237,164,84
1074,174.422576,100.95767,114.7601302
1075,157.5034065,165.9159727,171.1763815
1076,151.2440056,166.4005642,174.9266573
1077,137.0199765,167.5017626,183.4488837
1078,103.6924911,124.8188319,43.0738975
1079,74.10490694,78.69373942,82.36209814
1080,171.7275542,180.74613,186.6006192
1081,171.7962963,180.8271605,186.6867284
1082,205.8954268,172.0121951,85.41585366
1083,190.2211131,184.4818512,113.5865094
1084,230.3925,156.6,75.78833333
1085,233.4725529,188.7271825,78.32308201
1086,233.490048,186.1297186,70.95332876
1087,184.236432,194.8119291,200.3503493
1088,170.711288,97.24565847,111.0484805
1089,238.0270062,96.3904321,92.46682099
1090,148,152,155
1091,165.1660637,170.7970333,174.3198263
1092,77,83,87
1093,77,83,87
1094,77,83,87
1095,77,83,87
1096,77,83,87
1097,168.3856729,94.920767,108.723589
1098,220.5417143,221.742,222.7645714
1099,118.0293054,219.2141823,225.4381331
1100,100.0249638,214.5010854,221.5455861
1101,100.2438495,214.5618669,221.5980463
1102,113.2416787,217.945369,224.3968886
1103,97.68089725,213.8885673,221.038712
1104,255,181.1202394,62.05277476
1105,156.2788274,157.0540717,82.1237785
1106,148,152,155
1107,175.03367,149.8720539,69.99775533
1108,144.29,155.7433333,161.97
1109,162.6489241,169.6545866,172.7157418
1110,114.4870801,129.9218346,132.0600775
1111,94.71165644,98.07361963,99.71866784
1112,171.8033658,187.3277236,195.3649247
1113,156.3159905,85.50644391,208.1847255
1114,194,143,239
1115,123.8423619,162.5465872,109.5070423
1116,237,164,84
1117,237,76,92
1118,0,113,188
1119,242,122,82
1120,0,113,184
1121,242,122,82
1122,0,113,184
1123,237,76,92
1124,237,76,92
1125,104.788712,215.7438495,222.5716353
1126,104.788712,215.7438495,222.5716353
1127,194,143,239
1128,199.5180824,201.8982338,198.8839361
1129,144.7984201,136.4783499,117.2516091
1130,201.2994804,192.2753897,173.0751063
1131,186.1039641,131.5822737,128.9540015
1132,247.1780645,191.1187097,58.97032258
1133,108.4117221,123.3505789,130.8212735
1134,108.813314,123.711288,131.1609986
1135,108.4573082,123.3914617,130.8607091
1136,108.813314,123.711288,131.1609986
1137,108.4544139,123.3889291,130.8570912
1138,107.5195369,122.5492041,130.0662084
1139,108.4544139,123.3889291,130.8570912
1140,108.813314,123.711288,131.1609986
1141,108.4573082,123.3914617,130.8607091
1142,108.813314,123.711288,131.1609986
1143,108.4117221,123.3505789,130.8212735
1144,104.7930535,120.1005789,127.7565123
1145,108.8762663,123.7677279,131.213097
1146,108.7062229,123.6150507,131.0712735
1147,108.7062229,123.6150507,131.0712735
1148,108.8762663,123.7677279,131.213097
1149,107.3708394,122.4157019,129.9395803
1150,107.3031838,122.3549204,129.8824168
1151,108.8762663,123.7677279,131.213097
1152,108.7062229,123.6150507,131.0712735
1153,108.7062229,123.6150507,131.0712735
1154,108.8762663,123.7677279,131.213097
1155,108.0672938,123.0412446,130.5300289
1156,107.9428365,122.9294501,130.4243849
1157,208.4345324,196.9395683,177.8661871
1158,147.7071651,119.0706127,102.1619938
1159,120.261674,159.6651982,178.9497797
1160,105.8509687,90.84351714,76.17585693
1161,144.8783477,144.0472084,136.882887
1162,145.2968679,140.3408988,132.7081253
1163,134.3994553,128.8774399,120.4598275
1164,125.4843395,118.512483,110.6922379
1165,114.4584657,112.8547435,111.8570132
1166,147.1116659,144.5447118,115.2896051
1167,73.77224576,79.07838983,80.42584746
1168,105.299496,84.72282217,81.21310295
1169,151,151,151
1170,105.4129147,73.79739336,82.80154028
1171,185.6073926,144.6803197,184.8561439
1172,209.983017,162.973027,191.4895105
1173,179.5954046,136.0529471,175.5214785
1174,164.4725275,122.9050949,164.000999
1175,158.0889111,119.6213786,164.8101898
1176,218.045954,165.3936064,160.8221778
1177,148.5963923,126.1488162,161.2750846
1178,96.67865429,179.6171694,220.549884
1179,78.73839009,83.53482972,87.35526316
1180,180.819209,133.6474576,108.9050847
1181,86.43697479,137.2596639,91.69159664
1182,252.0656085,220.0677249,184.4253968
1183,250.4825397,202.7174603,165.1873016
1184,210.1301587,161.0111111,120.7238095
1185,176.1301587,121.3608466,83.2031746
1186,134.9481481,101.2031746,86.2031746
1187,252.6656085,214.1873016,100.5433862
1188,250.5074919,217.828013,183.6130293
1189,248.6749186,201.1641694,164.0833876
1190,210.209772,162.3947883,123.9687296
1191,177.9791531,125.0058632,88.67947883
1192,139.4358306,106.3661238,91.5218241
1193,251.3764629,211.0637191,105.2821847
1194,251.8177521,219.657563,184.0341387
1195,250.1864496,202.2662815,164.6181723
1196,209.7993697,160.6759454,120.4459034
1197,175.7993697,121.052521,82.97268908
1198,134.6969538,100.9726891,85.97268908
1199,252.4695378,213.6181723,100.3245798
1200,62,67,71
1201,85.87862715,89.69453978,92.71887676
1202,195.8711761,204.882053,202.3745751
1203,211.8189401,218.6310108,230.1265947
1204,104.4881226,94.64137931,99.09118774
1205,128.275,135.3613095,134.6095238
1206,248.0332024,199.953945,62.85683684
1207,141.8711799,127.95706,104.7508704
1208,164.2560326,165.7044814,164.899718
1209,169.8520755,181.08,181.385283
1210,202.7325198,208.8433377,211.2476913
1211,199.2528849,150.5140125,158.5361029
1212,180.7274927,180.7231365,180.1853824
1213,12.2434082,40.70483398,12.2434082
1214,165.1813691,167.4149612,169.0606916
1215,147.8955224,128.4570896,115.4169776
1216,93,109,116
1217,91.25165049,212.2062136,219.6493204
1218,79,209,217
1219,226.375,123.2130829,131.2645725
1220,114.9313412,211.8605478,214.6029883
1221,99.3137207,150.6889648,176.6787109
1222,220.7268589,155.2094082,164.6783005
1223,71.3322884,155.7210031,204.3816614
1224,98,132,65
1225,174.4099647,188.9846999,175.6543743
1226,218.897974,187.3726483,95.66968162
1227,228.9565847,200.5955137,109.7026049
1228,198.8319088,185.2581909,119.6805556
1229,225.0007236,194.5741679,97.65701881
1230,225.6139653,195.146165,97.91099855
1231,219.2970333,193.3455137,103.5039797
1232,215.8368307,184.5126628,94.38892909
1233,208.7911302,198.3218884,123.5379113
1234,225.0803255,115.0092003,103.1617127
1235,238.5437771,205.5893632,95.5593343
1236,239.0445007,193.3115051,99.14761216
1237,234.8277858,195.4052098,96.02821997
1238,237.0032562,204.1534009,94.91208394
1239,231.232844,159.4165244,101.6070331
1240,197.6402748,173.4605929,91.67570499
1241,235.6534009,202.8907381,94.3484081
1242,242.2803907,209.1132417,97.67872648
1243,242.9623734,209.7467438,97.96382055
1244,239.2463821,206.2749638,96.40955137
1245,228.6332168,203.313986,105.4416084
1246,241.3332127,208.2004342,96.7239508
1247,241.5097826,208.3916667,97.35652174
1248,229.1458032,196.8013748,91.6251809
1249,238.1331404,205.2109262,95.38675832
1250,240.3977999,196.6852378,97.34776437
1251,241.7206946,208.5886397,97.44428365
1252,242.6342258,198.2355282,100.3039074
1253,231.2011577,186.4851664,95.71780029
1254,233.0781476,191.3939942,110.6049204
1255,228.1356729,183.6201158,94.43704776
1256,237.7116498,204.8096961,95.11360347
1257,238.7322721,205.7695369,95.63567294
1258,237.9290883,207.3755427,106.2897974
1259,218.7818379,89.55680174,87.09732272
1260,223.5166667,205.8191489,128.1460993
1261,235.3552822,190.7152677,97.41823444
1262,240.8793683,218.1491935,142.5040323
1263,229.621563,203.1382055,103.6295224
1264,233.7876266,202.0965991,98.25723589
1265,222.7789436,191.8994211,93.63350217
1266,227.3418958,203.1009407,126.5701881
1267,224.2680897,193.2901592,94.25542692
1268,203.3578872,194.9331656,104.1157025
1269,213.1128799,181.3104197,89.02351664
1270,229.6935601,200.9493488,108.5180897
1271,206.6565726,191.3055747,115.3248451
1272,238.5759768,205.6490593,96.12879884
1273,238.3230825,205.380246,95.46454414
1274,224.827866,199.5061728,104.3280423
1275,223.2460317,193.1435473,114.7280883
1276,230.3708394,205.973589,128.0068741
1277,240.8762663,199.5795948,121.0032562
1278,219.9026362,196.1258348,102.0386643
1279,226.8813314,195.1620839,93.23154848
1280,245.8227207,212.422576,99.15918958
1281,243.6960926,221.8068017,148.5010854
1282,198.7591767,196.6535163,198.9927959
1283,172.8985309,181.1834643,193.463273
1284,196.8933105,193.3958834,195.9042882
1285,209.3135506,165.7166381,167.6253859
1286,200.9643225,198.9204117,201.2044597
1287,209.6439108,193.4168096,196.7217839
1288,201.348199,199.2981132,201.5708405
1289,196.3459716,200.5077861,207.8476642
1290,192.2302677,188.4248456,190.7687028
1291,241.357453,208.2496382,97.29232996
1292,238.410275,205.4963821,96.0593343
1293,238.54233,205.6201158,96.11432706
1294,244.8664978,218.223589,128.6874096
1295,173.2882743,142.2859369,167.2754188
1296,211.7530191,171.3100896,178.420335
1297,163.8649493,128.7864949,153.1772053
1298,139.8013271,107.9640906,134.8348946
1299,130.2540984,103.2482436,135.5245902
1300,223.5935308,174.1289945,128.1792673
1301,194.8656505,156.1144984,189.0684155
1302,212.3920596,166.0202056,190.4959234
1303,181.2690535,137.6203474,168.8280752
1304,162.9610344,119.4941552,152.3266029
1305,149.6760014,112.8628146,153.2541652
1306,218.1176888,170.147111,154.449486
1307,137.6801167,145.2493923,146.2955761
1308,179.6421974,175.3082158,156.4978123
1309,123.8565873,125.0184735,124.3772484
1310,94.81964025,98.84346135,101.1487603
1311,80.23821099,91.39523578,102.6183763
1312,192.9499271,180.3806514,96.91589694
1313,193.523946,152.6389685,122.8751535
1314,178.7233954,138.8695652,107.2625259
1315,192.6789496,151.7606946,122.15036
1316,179.3737945,145.6863984,162.0438976
1317,216.9800466,172.4256734,170.8826073
1318,165.4306618,126.6099102,141.1759228
1319,138.4456269,102.066844,119.3225806
1320,124.7864982,95.25241104,120.3345527
1321,228.2583971,176.5241104,116.6711008
1322,240.0172693,215.7814355,187.982191
1323,238.4295737,199.433891,169.551538
1324,200.5720453,160.7139773,128.6513761
1325,168.7555316,123.6475985,93.64651916
1326,130.424177,104.9676201,96.45385861
1327,240.6940097,209.8818133,109.9390178
1328,164.5914366,135.8319328,144.5678271
1329,213.1856743,171.9259704,157.5898359
1330,151.747499,117.1780712,124.3777511
1331,120.8143257,90.04281713,100.5098039
1332,107.6634654,83.44737895,101.5498199
1333,227.432573,175.767507,93.89195678
1334,165.7234894,137.1220488,145.1128451
1335,212.6826731,171.8511405,157.5358143
1336,152.9039616,118.5002001,124.9511805
1337,122.6754702,91.88795518,101.5142057
1338,109.4837935,85.24529812,102.6370548
1339,226.6966787,175.8827531,95.37414966
1340,196.8120722,206.3061605,169.5980087
1341,195.8662103,193.9607965,155.7896702
1342,167.5333333,165.0498442,125.0616822
1343,142.0093342,137.271313,100.4194151
1344,114.2143302,122.4454829,100.776947
1345,199.8848787,201.0161792,111.3596764
1346,178.279879,190.2647504,192.6558245
1347,186.7839416,166.3350365,89.25693431
1348,140.6538637,151.8847737,97.14997714
1349,158.8384831,154.6357678,70.86797753
1350,139.2511371,168.3921378,153.3235867
1351,153.5537785,180.9104358,196.0135946
1352,172.1504018,124.5296594,94.39762725
1353,103.5918958,115.2590449,81.09008683
1354,112.5231004,132.6170294,131.7029401
1355,124.6311531,137.3240054,107.1601483
1356,143.6929348,157.5457428,119.5054348
1357,123.2531959,140.4647423,101.2593814
1358,176.385259,149.5792829,72.02669323
1359,109.2588665,119.7579525,124.4186472
1360,120.4469697,130.6738437,138.2671451
1361,139.6173633,181.1663987,197.6061093
1362,151.3246809,158.2982979,163.5361702
1363,189.6544822,173.7850305,175.4403829
1364,174.9659697,117.4239442,112.3567036
1365,135.1573574,141.3303303,145.9489489
1366,129.4565619,135.1709797,133.5489834
1367,173.4575379,163.60237,85.60697828
1368,175.6775527,165.7618851,83.70897065
1369,174.6194357,102.8319749,93.4169279
1370,78.52463768,131.7120773,162.6536232
1371,83.22455471,131.9389313,156.9726463
1372,125.4987013,116.6763636,117.9781818
1373,187.1104357,117.3297872,107.7375887
1374,150.3047375,84.86427657,64.8681178
1375,151.2951016,164.3377141,173.4918359
1376,144.3488294,144.0344482,102.0117057
1377,152.5431572,87.35707253,95.17689531
1378,157.6066798,136.1607073,143.378389
1379,160.3654169,103.1841074,112.2243984
1380,203.7272289,143.6674699,138.8959036
1381,155.2915,180.5235,172.849
1382,163.637,184.826,173.1525
1383,148.2685,170.259,161.727
1384,138.91,160.8585,153.13
1385,131.497,157.069,153.88
1386,166.8049025,187.5287644,154.2016008
1387,143.0245803,174.4142686,189.868705
1388,125.4905063,113.9449367,83.90696203
1389,125.4905063,113.9449367,83.90696203
1390,167.4463687,144.5692737,109.8536313
1391,212.3655257,118.957824,120.450489
1392,230.0772856,97.85768143,101.8378888
1393,146.8440095,113.4635231,87.14116251
1394,255,90,121
1395,196.1973807,197.5229186,167.4200187
1396,163.9484056,104.0874239,110.2658545
1397,111.8845876,217.6031114,224.1089001
1398,162.899639,88.85848375,102.7696751
1399,107.8013748,216.5347323,223.225398
1400,156.9395803,83.46490593,97.26772793
1401,106.0931604,152.4398585,168.1379717
1402,160.3589001,86.88494935,100.6888567
1403,115.8787295,117.4754572,103.7651588
1404,131.2810395,127.6862368,106.3974976
1405,108.545717,107.0250241,92.47930703
1406,96.06159769,95.33012512,81.99422522
1407,88.66987488,91.66506256,82.62078922
1408,136.2021174,129.8768046,81.26467757
1409,147.9211701,147.1933565,98.16955875
1410,148.2027764,146.5503223,97.32275657
1411,145.6593951,143.9345563,94.65245414
1412,143.650471,141.6519584,92.49776896
1413,141.3371344,140.490828,92.70352008
1414,148.5017353,147.3177987,93.39018344
1415,122.4588086,133.8060837,113.8884664
1416,140.5259823,145.2268695,116.4119138
1417,112.4448669,119.468948,98.40304183
1418,96.61089987,104.3586819,84.78326996
1419,86.47908745,99.31939164,85.63117871
1420,146.3764259,148.2864385,84.51837769
1421,157.9417511,84.47069465,98.27424023
1422,170.1905813,138.5419426,42.44481236
1423,104.3708394,215.6392909,222.4855282
1424,255,111.2575977,138.2626628
1425,127.0434153,221.5643994,227.3813314
1426,239.7637482,177.959479,110.2315485
1427,199.7157895,198.6421053,190.3289474
1428,113.4446454,218.0086831,224.4464544
1429,165.8235294,195.6096886,207.1425606
1430,211.5970812,196.8851523,180.0862944
1431,226.2798223,206.6922589,182.751269
1432,204.3191624,186.7493655,169.3185279
1433,192.9086294,176.1288071,159.8083756
1434,186.3375635,172.8769036,160.2728426
1435,230.6579949,208.5704315,158.8991117
1436,222.4982047,212.4012567,198.0529623
1437,122.7293777,220.4410275,226.4540521
1438,122.7373372,220.4428365,226.4536903
1439,142.8986975,225.7040521,230.7981187
1440,133.3314038,223.2065847,228.7391462
1441,87.22007042,159.0783451,185.5528169
1442,151.2956372,93.12629162,85.47703789
1443,122.5819694,128.7263214,126.3329756
1444,152.830587,169.8877446,179.1426365
1445,156.2935867,110.6142518,117.35962
1446,194,143,239
1447,235.7206235,127.8501199,140.3093525
1448,222.6598592,109.7535211,95.66338028
1449,164.0731861,151.1545741,106.0826498
1450,168.2528484,180.450482,187.1923751
1451,93.93118949,97.8340249,100.9571231
1452,130.6103673,144.1850326,107.8571919
1453,151.3799929,162.9798515,100.2198657
1454,151.1276596,134.8201161,149.7878788
1455,146.7523719,192.3491461,214.3662239
1456,143.349953,186.8626529,209.7441204
1457,148.6855225,186.7794823,207.0728667
1458,92.75,152.2443182,189.2386364
1459,184.2319439,194.7573256,201.8716467
1460,122.3482714,157.8476312,89.20358515
1461,187.9416446,148.4712644,36.61538462
1462,187.0943695,137.8977002,87.13481364
1463,230.8462369,200.9366223,99.58156284
1464,207.8339363,190.9518813,88.49421129
1465,235.2583213,200.3455137,105.5267728
1466,207.0705499,186.0738061,116.9649059
1467,241.0529183,217.159144,136.6867704
1468,237.0998914,217.2909881,151.3127036
1469,154.0542358,169.6786195,152.2572837
1470,237.3765475,206.9704264,151.0271664
1471,250.9946452,218.270415,182.751004
1472,249.2141901,200.8145917,162.7369478
1473,208.7148594,159.5555556,119.521419
1474,174.7356091,120.0502008,82.18875502
1475,133.8400268,100.1740295,85.17402945
1476,251.8018742,211.7008032,99.64123159
1477,250.971243,218.2328386,182.7077922
1478,249.1604824,200.7374768,162.6447124
1479,208.6781076,159.5269017,119.5083488
1480,174.6781076,119.9981447,82.1864564
1481,133.8172542,100.1883117,85.18831169
1482,251.7996289,211.6660482,99.61688312
1483,251.6702703,219.4783784,183.8518919
1484,250.0664865,202.0172973,164.3578378
1485,209.6086486,160.54,120.3010811
1486,175.6086486,120.9135135,82.8372973
1487,134.5989189,100.8372973,85.8372973
1488,252.3610811,213.3578378,100.1983784
1489,251.6698036,219.4030278,183.797054
1490,250.0377049,202.0471311,164.3315574
1491,209.601473,160.4689034,120.2761866
1492,175.601473,120.8653846,82.83224223
1493,134.5663934,100.8586066,85.85860656
1494,252.367623,213.3315574,100.2221311
1495,251.6869885,219.4324877,183.8248773
1496,250.0270049,202.0261866,164.3076923
1497,209.6247954,160.4930442,120.2954173
1498,175.6247954,120.8870704,82.85065466
1499,134.5572831,100.8506547,85.85065466
1500,252.3777141,213.3625563,100.2310528
1501,205.210559,207.8273292,171.7372671
1502,203.868323,194.7416149,156.7397516
1503,173.552795,163.8521739,124.3720497
1504,148.089441,134.2459627,96.40496894
1505,117.4670807,119.3782609,98.65403727
1506,205.8173913,202.9037267,109.4590062
1507,249.9683322,216.5348346,181.1315975
1508,247.9521464,198.9057002,160.2772695
1509,207.3377903,158.1365236,118.3581985
1510,173.3532723,118.7466573,81.19704434
1511,132.7529909,99.1843772,84.1843772
1512,250.9781844,209.2772695,98.76565799
1513,214.1153846,174.6964782,97.37395737
1514,143.8017571,179.7811306,204.7517189
1515,190.5806802,210.2698987,83.60853835
1516,198.9982906,184.9542735,124.1393162
1517,235.2107512,211.7080812,128.4749021
1518,235.1836238,205.9764897,127.5038508
1519,170.9918673,144.0471698,136.1824984
1520,225.3698764,183.1278465,149.5422902
1521,153.3903709,118.29473,108.2940794
1522,116.031555,84.68412492,78.47983084
1523,97.65549772,75.37703318,80.14053351
1524,242.0250488,189.1223162,72.66883539
1525,233.5769231,211.1323408,136.5885029
1526,194.4493088,106.4869432,125.2634409
1527,229.7903226,132.843318,134.4677419
1528,185.1466974,93.36943164,111.1036866
1529,162.7726575,73.85867896,93.98694316
1530,153.5107527,69.26728111,94.7718894
1531,240.1397849,135.1328725,89.0453149
1532,161.2287621,169.3604369,114.0151699
1533,176.9993932,176.8919903,113.8919903
1534,146.4071602,147.7463592,90.59951456
1535,127.4368932,128.4872573,72.93446602
1536,111.809466,120.5018204,74.54368932
1537,183.3561893,182.598301,75.62257282
1538,218.5051635,185.5309811,130.7818417
1539,220.9677281,180.3864028,124.1062823
1540,200.0537866,158.7069707,101.7444062
1541,183.5925129,139.9225473,84.02022375
1542,163.4789157,129.4096386,86.80335628
1543,223.9535284,187.3816695,91.52065404
1544,143.4831395,131.8139535,119.6354651
1545,162.3686047,142.747093,121.2936047
1546,130.5087209,113.1244186,99.42732558
1547,111.8459302,94.85174419,82.83662791
1548,98.2494186,87.90813953,84.34883721
1549,169.7773256,147.7755814,84.03197674
1550,221.8854578,154.1626571,148.2391382
1551,221.6955117,150.3059246,144.3705566
1552,212.5346499,140.4588869,133.3755835
1553,204.7332136,131.2937163,124.6743268
1554,195.1253142,126.4854578,125.3605027
1555,222.2609335,153.2969497,127.0216832
1556,184.8724036,152.3153879,165.24078
1557,217.12039,173.5103858,171.0491734
1558,169.3594744,129.7164053,140.7833828
1559,142.9707503,104.8495125,118.4298432
1560,126.6807969,96.53497245,120.0767274
1561,227.3145401,178.685036,117.0775752
1562,162.9706994,156.4829868,145.0680529
1563,174.2353497,157.8799622,140.9451796
1564,142.3459357,126.2986767,112.3657845
1565,120.3534972,102.6483932,90.34971645
1566,98.89035917,91.78827977,92.22589792
1567,178.9924386,165.1417769,96.36672968
1568,155.0229326,172.8603197,142.694927
1569,172.3488534,181.8012509,143.2626824
1570,140.4753301,151.61918,119.6817234
1571,121.0674079,132.1348158,101.8651842
1572,105.6615705,124.248089,103.4996525
1573,179.247394,187.5218902,104.0826963
1574,186.5429363,194.4247461,192.2253001
1575,208.2024518,179.37338,160.5215412
1576,224.6070053,182.6059545,153.3345009
1577,179.7503501,140.3189776,118.5042017
1578,149.6418067,108.6320028,89.2535014
1579,122.3197898,95.38809107,91.41436077
1580,231.9299475,189.7947461,96.79334501
1581,198.2460447,196.7043099,174.9154392
1582,197.8003273,189.9405346,167.8881615
1583,181.7888707,172.9372613,149.2002182
1584,168.2536825,157.0747409,134.1352973
1585,151.5668303,148.7648663,135.3955265
1586,198.4980906,195.0141844,141.0163666
1587,200.7414487,144.3672032,116.2957746
1588,218.944668,154.4476861,117.4185111
1589,187.001006,124.5251509,94.82696177
1590,167.9486922,105.668008,77.65995976
1591,153.9748491,98.7334004,78.81287726
1592,224.8963783,158.6710262,78.88028169
1593,161.5773286,124.5492091,78.28646749
1594,218.4226634,176.4545079,177.2435897
1595,215.0068182,203.7090909,189.1659091
1596,212.6529484,202.7134521,193.2840909
1597,209.0742188,209.3867188,209.6119792
1598,188.5024826,189.4438928,190.1648461
1599,228.8932584,189.5932584,86.38426966
1600,172.9410112,179.0640449,184.8988764
1601,195.8994382,150.4876404,128.747191
1602,217.6897507,90.84487535,101.8434903
1603,175.8632188,177.9268459,179.5852331
1604,245.5141458,189.5837867,104.6974973
1605,163.4934441,179.7119755,69.32954545
1606,139.7229437,184.0797774,70.0445269
1607,225.953271,133.4314642,128.1739356
1608,185.4749895,139.6994536,104.5733501
1609,183.7234315,167.0896287,56.13060179
1610,245.227221,206.8211845,154.2892939
1611,167.5749534,191.8472998,123.1964618
1612,137.4867166,113.5688011,60.1263624
1613,229.4798181,190.0693576,153.0147811
1614,252.2271386,191.2271386,145.425762
1615,248.2229039,246.3752556,243.5235174
1616,224.7583292,171.9030333,132.3540527
1617,179.9360714,192.9714286,79.30678571
1618,214.7543981,165.6057261,120.6295274
1619,225.4331104,78.90719064,93.4506689
1620,171.8366429,139.4953166,96.57362308
1621,106.8063973,105.7676768,107.8762626
1622,84.10571992,74.61183432,77.2938856
1623,231.59814,203.5212922,216.3284386
1624,187.5311703,180.5136712,168.1800948
1625,157.9864057,166.2675367,144.9097336
1626,98.38137255,100.3166667,104.0490196
1627,192.4460298,193.7220844,194.0645161
1628,184.7438501,173.4959,140.759469
1629,203.894669,147.2347377,104.8323302
1630,199.027959,137.38863,117.4231128
1631,154.6686332,114.8121927,89.31760079
1632,93.97652772,99.06839336,98.32335087
1633,139.9605989,201.356974,102.6146572
1634,171.3573718,181.9286859,182.0240385
1635,242.6558442,102.2077922,116.1961039
1636,222.6941679,75.70341394,90.26955903
1637,246.0462737,199.1607404,42.15294691
1638,255,90,121
1639,255,90,121
1640,77,83,87
1641,99.74240232,214.4240232,221.4811867
1642,117.0144718,218.9377713,225.211288
1643,117.0224313,218.9399421,225.2127352
1644,107.9446454,216.5672938,223.2514472
1645,107.9446454,216.5672938,223.2514472
1646,107.9446454,216.5672938,223.2514472
1647,107.9446454,216.5672938,223.2514472
1648,118.3994211,219.3049928,225.5148336
1649,118.3994211,219.3049928,225.5148336
1650,121.3336933,127.7818575,131.7138229
1651,139.9805254,151.0665761,159.1272645
1652,226.691796,226.7272727,226.7538803
1653,111.4428365,217.4855282,224.0108538
1654,122.5025326,220.3773517,226.3994211
1655,122.5025326,220.3773517,226.3994211
1656,121.8936324,220.2105644,226.2612156
1657,121.8856729,220.2083936,226.2597685
1658,120.6360347,219.8921852,225.9978292
1659,120.6360347,219.8921852,225.9978292
1660,122.3314038,220.3371925,226.3668596
1661,170.4080414,197.3666401,217.4721338
1662,193.5443038,166.1324245,173.278481
1663,98.72530642,151.3028118,182.1535689
1664,146.8899457,155.0729167,160.9936594
1665,115.6772793,218.5861071,224.918958
1666,136.3082489,223.9782923,229.3733719
1667,124.894356,220.9985528,226.9117221
1668,115.5817656,218.5643994,224.9015919
1669,51,51,51
1670,208,208,208
1671,104.788712,215.7438495,222.5716353
1672,104.788712,215.7438495,222.5716353
1673,208,208,208
1674,51,51,51
1675,208,208,208
1676,51,51,51
1677,255,208.8903924,48.63870095
1678,207.7104145,240.9532412,255
1679,186.5704434,177.764532,143.6413793
1680,209.964447,175.7217833,183.964447
1681,125.3668122,213.0925764,229.171179
1682,121.3218197,123.4608256,118.9831508
1683,84.25426621,106.9931741,73.58020478
1684,162.3420245,186.5636503,179.9739264
1685,204.3870574,198.513431,192.3137973
1686,125.7620467,182.5479384,73.28812717
1687,250.9571843,218.2140784,182.691582
1688,249.1582003,200.7155298,162.6204644
1689,208.6574746,159.5130624,119.4840348
1690,174.6574746,119.9912917,82.13788099
1691,133.8076923,100.137881,85.13788099
1692,251.7750363,211.6204644,99.60087083
1693,148,152,155
1694,171.4164255,159.4015919,56.83248915
1695,237,164,84
1696,194,143,239
1697,194,143,239
1698,198.7166172,157.4094955,134.4362018
1699,152.5830914,155.1106676,157.1309869
1700,194,143,239
1701,238.4193198,205.5068741,96.06367583
1702,234.3458755,201.697178,94.35890014
1703,220.5911722,104.1230101,95.29558611
1704,229.7120116,125.0647612,84.07670043
1705,255,156.3990593,89.83465991
1706,244.1765557,190.8610709,42.57742402
1707,255,213.9667149,82.48878437
1708,152.8400868,202.2706223,109.9942113
1709,130.8744573,168.1157742,87.84261939
1710,78.14978292,199.2883502,208.1704052
1711,90.73878437,154.1798119,201.1067294
1712,94.16895803,119.1114327,155.2373372
1713,146.9290883,122.9175109,178.9507959
1714,202.9243849,159.3806078,241.3400868
1715,77,83,87
1716,77,83,87
1717,255,90,121
1718,255,90,121
1719,255,90,121
1720,119.5941508,173.6772704,70.55361724
1721,107.463097,216.4410275,223.1490593
1722,137.6618808,118.3280689,72.25699928
1723,166.5748792,181.5748792,181.986715
1724,180.5419521,177.9880137,167.0847603
1725,136.1660597,158.798252,174.9016752
1726,181.1410935,155.0194004,219.0511464
1727,82.18091361,86.93668024,90.70691995
1728,34.41584158,107.6270627,174.0594059
1729,237,164,84
1730,231.1731161,187.043279,47.16089613
1731,255,206,49
1732,149.09375,177.8505859,149.09375
1733,62,67,71
1734,164.5657036,128.3904939,86.98136067
1735,215.9663518,102.9793388,79.81700118
1736,170.8379061,172.6920578,174.0953069
1737,237.447178,212.9301737,216.9178726
1738,204.6849222,201.5747126,199.4415145
1739,215.244888,234.3008763,217.6226874
1740,224.6293754,227.4934798,208.9258751
1741,212.1219247,176.2753256,243.7536179
1742,146.8344371,129.5695364,117.2339956
1743,206.684379,101.5224072,111.2106274
1744,193.8724728,194.81493,195.5194401
1745,255,122.9522431,147.7612156
1746,172.5875146,70.1201867,85.60151692
1747,195.4974594,183.4192073,173.8252033
1748,108.8840256,173.0408946,123.2476038
1749,214.2857143,194.0048886,154.2140141
1750,176.6547248,203.867082,193.4402908
1751,166.7374101,158.0683453,43.48417266
1752,115.0598352,173.6105339,191.7939807
1753,165.4101355,181.7041839,176.0359458
1754,139.3203661,123.6704805,129.6613272
1755,230.5343653,109.0377709,117.3962848
1756,170.3635478,153.0584795,120.1968811
1757,183.6325536,158.1676413,118.5779727
1758,154.6150097,130.3547758,95.64619883
1759,135.9590643,111.0526316,77.86062378
1760,120.0155945,103.1179337,79.08089669
1761,188.2163743,162.9639376,81.08089669
1762,99.02026367,138.6115723,153.088623
1763,193.9443414,127.0445269,116.995671
1764,124.1358268,130.9301181,129.121063
1765,109.1631693,219.3560058,148.0568017
1766,134.5231481,193.7010582,224.1455026
1767,199.8677885,211.2548077,218.9144918
1768,251.2268078,218.664903,183.1061728
1769,249.4804233,201.2003527,163.2444444
1770,209.0151675,159.8730159,119.7728395
1771,175.0151675,120.3178131,82.39470899
1772,134.0853616,100.394709,85.39470899
1773,251.9862434,212.2444444,99.82998236
1774,251.7663356,219.5624673,183.9393623
1775,250.1217982,202.1636174,164.4798745
1776,209.7266074,160.6027182,120.3643492
1777,175.7266074,120.9790904,82.89597491
1778,134.6450601,100.8959749,85.89597491
1779,252.4030319,213.4798745,100.2854156
1780,250.6237817,217.6445744,182.1689409
1781,248.7517869,200.1176088,161.8382066
1782,208.2222222,159.0500325,119.1111111
1783,174.2222222,119.5705003,81.82910981
1784,133.4509422,99.82910981,84.82910981
1785,251.5152697,210.8382066,99.32748538
1786,215.5218561,201.9522529,182.4001345
1787,214.2501681,188.1735037,167.0786819
1788,182.2165434,155.0981843,131.8547411
1789,155.2239408,123.6328178,102.0813719
1790,122.5561533,107.6415602,104.4613315
1791,216.2427707,197.2891728,115.6852724
1792,237.456,160.8846667,101.9306667
1793,78.77734678,83.57331265,87.39332816
1794,77,83,87
1795,77,83,87
1796,194,143,239
1797,194,143,239
1798,231.16,209.16,114.76
1799,36,186,197
1800,66,70,76
1801,117,214,255
1802,194,143,239
1803,255,90,121
1804,255,125.3474286,149.7108571
1805,255,90,121
1806,166,174,176
1807,166,174,176
1808,255,90,121
1809,255,90,121
1810,255,90,121
1811,77,83,87
1812,77,83,87
1813,77,83,87
1814,107.8809696,216.5481187,223.2351664
1815,77,83,87
1816,79,209,217
1817,103.4793777,215.4019537,222.290521
1818,104.6255427,215.7022431,222.5383502
1819,107.8809696,216.5481187,223.2351664
1820,107.8769899,216.5470333,223.2344428
1821,107.8769899,216.5470333,223.2344428
1822,51,51,51
1823,208,208,208
1824,255,206,49
1825,255,90,121
1826,77,83,87
1827,237,164,84
1828,255,133.7803907,156.5611433
1829,255,136.9388567,159.128437
