0,\U00000023\U000020e3
1,\U00000023
2,\U0000002a\U000020e3
3,\U0000002a
4,\U00000030\U000020e3
5,\U00000030
6,\U00000031\U000020e3
7,\U00000031
8,\U00000032\U000020e3
9,\U00000032
10,\U00000033\U000020e3
11,\U00000033
12,\U00000034\U000020e3
13,\U00000034
14,\U00000035\U000020e3
15,\U00000035
16,\U00000036\U000020e3
17,\U00000036
18,\U00000037\U000020e3
19,\U00000037
20,\U00000038\U000020e3
21,\U00000038
22,\U00000039\U000020e3
23,\U00000039
24,\U000000a9
25,\U000000ae
26,\U0001f004
27,\U0001f0cf
28,\U0001f170
29,\U0001f171
30,\U0001f17e
31,\U0001f17f
32,\U0001f18e
33,\U0001f191
34,\U0001f192
35,\U0001f193
36,\U0001f194
37,\U0001f195
38,\U0001f196
39,\U0001f197
40,\U0001f198
41,\U0001f199
42,\U0001f19a
43,\U0001f1e6\U0001f1e8
44,\U0001f1e6\U0001f1e9
45,\U0001f1e6\U0001f1ea
46,\U0001f1e6\U0001f1eb
47,\U0001f1e6\U0001f1ec
48,\U0001f1e6\U0001f1ee
49,\U0001f1e6\U0001f1f1
50,\U0001f1e6\U0001f1f2
51,\U0001f1e6\U0001f1f4
52,\U0001f1e6\U0001f1f6
53,\U0001f1e6\U0001f1f7
54,\U0001f1e6\U0001f1f8
55,\U0001f1e6\U0001f1f9
56,\U0001f1e6\U0001f1fa
57,\U0001f1e6\U0001f1fc
58,\U0001f1e6\U0001f1fd
59,\U0001f1e6\U0001f1ff
60,\U0001f1e6
61,\U0001f1e7\U0001f1e6
62,\U0001f1e7\U0001f1e7
63,\U0001f1e7\U0001f1e9
64,\U0001f1e7\U0001f1ea
65,\U0001f1e7\U0001f1eb
66,\U0001f1e7\U0001f1ec
67,\U0001f1e7\U0001f1ed
68,\U0001f1e7\U0001f1ee
69,\U0001f1e7\U0001f1ef
70,\U0001f1e7\U0001f1f1
71,\U0001f1e7\U0001f1f2
72,\U0001f1e7\U0001f1f3
73,\U0001f1e7\U0001f1f4
74,\U0001f1e7\U0001f1f6
75,\U0001f1e7\U0001f1f7
76,\U0001f1e7\U0001f1f8
77,\U0001f1e7\U0001f1f9
78,\U0001f1e7\U0001f1fb
79,\U0001f1e7\U0001f1fc
80,\U0001f1e7\U0001f1fe
81,\U0001f1e7\U0001f1ff
82,\U0001f1e7
83,\U0001f1e8\U0001f1e6
84,\U0001f1e8\U0001f1e8
85,\U0001f1e8\U0001f1e9
86,\U0001f1e8\U0001f1eb
87,\U0001f1e8\U0001f1ec
88,\U0001f1e8\U0001f1ed
89,\U0001f1e8\U0001f1ee
90,\U0001f1e8\U0001f1f0
91,\U0001f1e8\U0001f1f1
92,\U0001f1e8\U0001f1f2
93,\U0001f1e8\U0001f1f3
94,\U0001f1e8\U0001f1f4
95,\U0001f1e8\U0001f1f5
96,\U0001f1e8\U0001f1f7
97,\U0001f1e8\U0001f1fa
98,\U0001f1e8\U0001f1fb
99,\U0001f1e8\U0001f1fc
100,\U0001f1e8\U0001f1fd
101,\U0001f1e8\U0001f1fe
102,\U0001f1e8\U0001f1ff
103,\U0001f1e8
104,\U0001f1e9\U0001f1ea
105,\U0001f1e9\U0001f1ec
106,\U0001f1e9\U0001f1ef
107,\U0001f1e9\U0001f1f0
108,\U0001f1e9\U0001f1f2
109,\U0001f1e9\U0001f1f4
110,\U0001f1e9\U0001f1ff
111,\U0001f1e9
112,\U0001f1ea\U0001f1e6
113,\U0001f1ea\U0001f1e8
114,\U0001f1ea\U0001f1ea
115,\U0001f1ea\U0001f1ec
116,\U0001f1ea\U0001f1ed
117,\U0001f1ea\U0001f1f7
118,\U0001f1ea\U0001f1f8
119,\U0001f1ea\U0001f1f9
120,\U0001f1ea\U0001f1fa
121,\U0001f1ea
122,\U0001f1eb\U0001f1ee
123,\U0001f1eb\U0001f1ef
124,\U0001f1eb\U0001f1f0
125,\U0001f1eb\U0001f1f2
126,\U0001f1eb\U0001f1f4
127,\U0001f1eb\U0001f1f7
128,\U0001f1eb
129,\U0001f1ec\U0001f1e6
130,\U0001f1ec\U0001f1e7
131,\U0001f1ec\U0001f1e9
132,\U0001f1ec\U0001f1ea
133,\U0001f1ec\U0001f1eb
134,\U0001f1ec\U0001f1ec
135,\U0001f1ec\U0001f1ed
136,\U0001f1ec\U0001f1ee
137,\U0001f1ec\U0001f1f1
138,\U0001f1ec\U0001f1f2
139,\U0001f1ec\U0001f1f3
140,\U0001f1ec\U0001f1f5
141,\U0001f1ec\U0001f1f6
142,\U0001f1ec\U0001f1f7
143,\U0001f1ec\U0001f1f8
144,\U0001f1ec\U0001f1f9
145,\U0001f1ec\U0001f1fa
146,\U0001f1ec\U0001f1fc
147,\U0001f1ec\U0001f1fe
148,\U0001f1ec
149,\U0001f1ed\U0001f1f0
150,\U0001f1ed\U0001f1f2
151,\U0001f1ed\U0001f1f3
152,\U0001f1ed\U0001f1f7
153,\U0001f1ed\U0001f1f9
154,\U0001f1ed\U0001f1fa
155,\U0001f1ed
156,\U0001f1ee\U0001f1e8
157,\U0001f1ee\U0001f1e9
158,\U0001f1ee\U0001f1ea
159,\U0001f1ee\U0001f1f1
160,\U0001f1ee\U0001f1f2
161,\U0001f1ee\U0001f1f3
162,\U0001f1ee\U0001f1f4
163,\U0001f1ee\U0001f1f6
164,\U0001f1ee\U0001f1f7
165,\U0001f1ee\U0001f1f8
166,\U0001f1ee\U0001f1f9
167,\U0001f1ee
168,\U0001f1ef\U0001f1ea
169,\U0001f1ef\U0001f1f2
170,\U0001f1ef\U0001f1f4
171,\U0001f1ef\U0001f1f5
172,\U0001f1ef
173,\U0001f1f0\U0001f1ea
174,\U0001f1f0\U0001f1ec
175,\U0001f1f0\U0001f1ed
176,\U0001f1f0\U0001f1ee
177,\U0001f1f0\U0001f1f2
178,\U0001f1f0\U0001f1f3
179,\U0001f1f0\U0001f1f5
180,\U0001f1f0\U0001f1f7
181,\U0001f1f0\U0001f1fc
182,\U0001f1f0\U0001f1fe
183,\U0001f1f0\U0001f1ff
184,\U0001f1f0
185,\U0001f1f1\U0001f1e6
186,\U0001f1f1\U0001f1e7
187,\U0001f1f1\U0001f1e8
188,\U0001f1f1\U0001f1ee
189,\U0001f1f1\U0001f1f0
190,\U0001f1f1\U0001f1f7
191,\U0001f1f1\U0001f1f8
192,\U0001f1f1\U0001f1f9
193,\U0001f1f1\U0001f1fa
194,\U0001f1f1\U0001f1fb
195,\U0001f1f1\U0001f1fe
196,\U0001f1f1
197,\U0001f1f2\U0001f1e6
198,\U0001f1f2\U0001f1e8
199,\U0001f1f2\U0001f1e9
200,\U0001f1f2\U0001f1ea
201,\U0001f1f2\U0001f1eb
202,\U0001f1f2\U0001f1ec
203,\U0001f1f2\U0001f1ed
204,\U0001f1f2\U0001f1f0
205,\U0001f1f2\U0001f1f1
206,\U0001f1f2\U0001f1f2
207,\U0001f1f2\U0001f1f3
208,\U0001f1f2\U0001f1f4
209,\U0001f1f2\U0001f1f5
210,\U0001f1f2\U0001f1f6
211,\U0001f1f2\U0001f1f7
212,\U0001f1f2\U0001f1f8
213,\U0001f1f2\U0001f1f9
214,\U0001f1f2\U0001f1fa
215,\U0001f1f2\U0001f1fb
216,\U0001f1f2\U0001f1fc
217,\U0001f1f2\U0001f1fd
218,\U0001f1f2\U0001f1fe
219,\U0001f1f2\U0001f1ff
220,\U0001f1f2
221,\U0001f1f3\U0001f1e6
222,\U0001f1f3\U0001f1e8
223,\U0001f1f3\U0001f1ea
224,\U0001f1f3\U0001f1eb
225,\U0001f1f3\U0001f1ec
226,\U0001f1f3\U0001f1ee
227,\U0001f1f3\U0001f1f1
228,\U0001f1f3\U0001f1f4
229,\U0001f1f3\U0001f1f5
230,\U0001f1f3\U0001f1f7
231,\U0001f1f3\U0001f1fa
232,\U0001f1f3\U0001f1ff
233,\U0001f1f3
234,\U0001f1f4\U0001f1f2
235,\U0001f1f4
236,\U0001f1f5\U0001f1e6
237,\U0001f1f5\U0001f1ea
238,\U0001f1f5\U0001f1eb
239,\U0001f1f5\U0001f1ec
240,\U0001f1f5\U0001f1ed
241,\U0001f1f5\U0001f1f0
242,\U0001f1f5\U0001f1f1
243,\U0001f1f5\U0001f1f2
244,\U0001f1f5\U0001f1f3
245,\U0001f1f5\U0001f1f7
246,\U0001f1f5\U0001f1f8
247,\U0001f1f5\U0001f1f9
248,\U0001f1f5\U0001f1fc
249,\U0001f1f5\U0001f1fe
250,\U0001f1f5
251,\U0001f1f6\U0001f1e6
252,\U0001f1f6
253,\U0001f1f7\U0001f1ea
254,\U0001f1f7\U0001f1f4
255,\U0001f1f7\U0001f1f8
256,\U0001f1f7\U0001f1fa
257,\U0001f1f7\U0001f1fc
258,\U0001f1f7
259,\U0001f1f8\U0001f1e6
260,\U0001f1f8\U0001f1e7
261,\U0001f1f8\U0001f1e8
262,\U0001f1f8\U0001f1e9
263,\U0001f1f8\U0001f1ea
264,\U0001f1f8\U0001f1ec
265,\U0001f1f8\U0001f1ed
266,\U0001f1f8\U0001f1ee
267,\U0001f1f8\U0001f1ef
268,\U0001f1f8\U0001f1f0
269,\U0001f1f8\U0001f1f1
270,\U0001f1f8\U0001f1f2
271,\U0001f1f8\U0001f1f3
272,\U0001f1f8\U0001f1f4
273,\U0001f1f8\U0001f1f7
274,\U0001f1f8\U0001f1f8
275,\U0001f1f8\U0001f1f9
276,\U0001f1f8\U0001f1fb
277,\U0001f1f8\U0001f1fd
278,\U0001f1f8\U0001f1fe
279,\U0001f1f8\U0001f1ff
280,\U0001f1f8
281,\U0001f1f9\U0001f1e6
282,\U0001f1f9\U0001f1e8
283,\U0001f1f9\U0001f1e9
284,\U0001f1f9\U0001f1eb
285,\U0001f1f9\U0001f1ec
286,\U0001f1f9\U0001f1ed
287,\U0001f1f9\U0001f1ef
288,\U0001f1f9\U0001f1f0
289,\U0001f1f9\U0001f1f1
290,\U0001f1f9\U0001f1f2
291,\U0001f1f9\U0001f1f3
292,\U0001f1f9\U0001f1f4
293,\U0001f1f9\U0001f1f7
294,\U0001f1f9\U0001f1f9
295,\U0001f1f9\U0001f1fb
296,\U0001f1f9\U0001f1fc
297,\U0001f1f9\U0001f1ff
298,\U0001f1f9
299,\U0001f1fa\U0001f1e6
300,\U0001f1fa\U0001f1ec
301,\U0001f1fa\U0001f1f2
302,\U0001f1fa\U0001f1f8
303,\U0001f1fa\U0001f1fe
304,\U0001f1fa\U0001f1ff
305,\U0001f1fa
306,\U0001f1fb\U0001f1e6
307,\U0001f1fb\U0001f1e8
308,\U0001f1fb\U0001f1ea
309,\U0001f1fb\U0001f1ec
310,\U0001f1fb\U0001f1ee
311,\U0001f1fb\U0001f1f3
312,\U0001f1fb\U0001f1fa
313,\U0001f1fb
314,\U0001f1fc\U0001f1eb
315,\U0001f1fc\U0001f1f8
316,\U0001f1fc
317,\U0001f1fd\U0001f1f0
318,\U0001f1fd
319,\U0001f1fe\U0001f1ea
320,\U0001f1fe\U0001f1f9
321,\U0001f1fe
322,\U0001f1ff\U0001f1e6
323,\U0001f1ff\U0001f1f2
324,\U0001f1ff\U0001f1fc
325,\U0001f1ff
326,\U0001f201
327,\U0001f202
328,\U0001f21a
329,\U0001f22f
330,\U0001f232
331,\U0001f233
332,\U0001f234
333,\U0001f235
334,\U0001f236
335,\U0001f237
336,\U0001f238
337,\U0001f239
338,\U0001f23a
339,\U0001f250
340,\U0001f251
341,\U0001f300
342,\U0001f301
343,\U0001f302
344,\U0001f303
345,\U0001f304
346,\U0001f305
347,\U0001f306
348,\U0001f307
349,\U0001f308
350,\U0001f309
351,\U0001f30a
352,\U0001f30b
353,\U0001f30c
354,\U0001f30d
355,\U0001f30e
356,\U0001f30f
357,\U0001f310
358,\U0001f311
359,\U0001f312
360,\U0001f313
361,\U0001f314
362,\U0001f315
363,\U0001f316
364,\U0001f317
365,\U0001f318
366,\U0001f319
367,\U0001f31a
368,\U0001f31b
369,\U0001f31c
370,\U0001f31d
371,\U0001f31e
372,\U0001f31f
373,\U0001f320
374,\U0001f321
375,\U0001f324
376,\U0001f325
377,\U0001f326
378,\U0001f327
379,\U0001f328
380,\U0001f329
381,\U0001f32a
382,\U0001f32b
383,\U0001f32c
384,\U0001f32d
385,\U0001f32e
386,\U0001f32f
387,\U0001f330
388,\U0001f331
389,\U0001f332
390,\U0001f333
391,\U0001f334
392,\U0001f335
393,\U0001f336
394,\U0001f337
395,\U0001f338
396,\U0001f339
397,\U0001f33a
398,\U0001f33b
399,\U0001f33c
400,\U0001f33d
401,\U0001f33e
402,\U0001f33f
403,\U0001f340
404,\U0001f341
405,\U0001f342
406,\U0001f343
407,\U0001f344
408,\U0001f345
409,\U0001f346
410,\U0001f347
411,\U0001f348
412,\U0001f349
413,\U0001f34a
414,\U0001f34b
415,\U0001f34c
416,\U0001f34d
417,\U0001f34e
418,\U0001f34f
419,\U0001f350
420,\U0001f351
421,\U0001f352
422,\U0001f353
423,\U0001f354
424,\U0001f355
425,\U0001f356
426,\U0001f357
427,\U0001f358
428,\U0001f359
429,\U0001f35a
430,\U0001f35b
431,\U0001f35c
432,\U0001f35d
433,\U0001f35e
434,\U0001f35f
435,\U0001f360
436,\U0001f361
437,\U0001f362
438,\U0001f363
439,\U0001f364
440,\U0001f365
441,\U0001f366
442,\U0001f367
443,\U0001f368
444,\U0001f369
445,\U0001f36a
446,\U0001f36b
447,\U0001f36c
448,\U0001f36d
449,\U0001f36e
450,\U0001f36f
451,\U0001f370
452,\U0001f371
453,\U0001f372
454,\U0001f373
455,\U0001f374
456,\U0001f375
457,\U0001f376
458,\U0001f377
459,\U0001f378
460,\U0001f379
461,\U0001f37a
462,\U0001f37b
463,\U0001f37c
464,\U0001f37d
465,\U0001f37e
466,\U0001f37f
467,\U0001f380
468,\U0001f381
469,\U0001f382
470,\U0001f383
471,\U0001f384
472,\U0001f385\U0001f3fb
473,\U0001f385\U0001f3fc
474,\U0001f385\U0001f3fd
475,\U0001f385\U0001f3fe
476,\U0001f385\U0001f3ff
477,\U0001f385
478,\U0001f386
479,\U0001f387
480,\U0001f388
481,\U0001f389
482,\U0001f38a
483,\U0001f38b
484,\U0001f38c
485,\U0001f38d
486,\U0001f38e
487,\U0001f38f
488,\U0001f390
489,\U0001f391
490,\U0001f392
491,\U0001f393
492,\U0001f396
493,\U0001f397
494,\U0001f399
495,\U0001f39a
496,\U0001f39b
497,\U0001f39e
498,\U0001f39f
499,\U0001f3a0
500,\U0001f3a1
501,\U0001f3a2
502,\U0001f3a3
503,\U0001f3a4
504,\U0001f3a5
505,\U0001f3a6
506,\U0001f3a7
507,\U0001f3a8
508,\U0001f3a9
509,\U0001f3aa
510,\U0001f3ab
511,\U0001f3ac
512,\U0001f3ad
513,\U0001f3ae
514,\U0001f3af
515,\U0001f3b0
516,\U0001f3b1
517,\U0001f3b2
518,\U0001f3b3
519,\U0001f3b4
520,\U0001f3b5
521,\U0001f3b6
522,\U0001f3b7
523,\U0001f3b8
524,\U0001f3b9
525,\U0001f3ba
526,\U0001f3bb
527,\U0001f3bc
528,\U0001f3bd
529,\U0001f3be
530,\U0001f3bf
531,\U0001f3c0
532,\U0001f3c1
533,\U0001f3c2
534,\U0001f3c3\U0001f3fb
535,\U0001f3c3\U0001f3fc
536,\U0001f3c3\U0001f3fd
537,\U0001f3c3\U0001f3fe
538,\U0001f3c3\U0001f3ff
539,\U0001f3c3
540,\U0001f3c4\U0001f3fb
541,\U0001f3c4\U0001f3fc
542,\U0001f3c4\U0001f3fd
543,\U0001f3c4\U0001f3fe
544,\U0001f3c4\U0001f3ff
545,\U0001f3c4
546,\U0001f3c5
547,\U0001f3c6
548,\U0001f3c7\U0001f3fb
549,\U0001f3c7\U0001f3fc
550,\U0001f3c7\U0001f3fd
551,\U0001f3c7\U0001f3fe
552,\U0001f3c7\U0001f3ff
553,\U0001f3c7
554,\U0001f3c8
555,\U0001f3c9
556,\U0001f3ca\U0001f3fb
557,\U0001f3ca\U0001f3fc
558,\U0001f3ca\U0001f3fd
559,\U0001f3ca\U0001f3fe
560,\U0001f3ca\U0001f3ff
561,\U0001f3ca
562,\U0001f3cb\U0001f3fb
563,\U0001f3cb\U0001f3fc
564,\U0001f3cb\U0001f3fd
565,\U0001f3cb\U0001f3fe
566,\U0001f3cb\U0001f3ff
567,\U0001f3cb
568,\U0001f3cc
569,\U0001f3cd
570,\U0001f3ce
571,\U0001f3cf
572,\U0001f3d0
573,\U0001f3d1
574,\U0001f3d2
575,\U0001f3d3
576,\U0001f3d4
577,\U0001f3d5
578,\U0001f3d6
579,\U0001f3d7
580,\U0001f3d8
581,\U0001f3d9
582,\U0001f3da
583,\U0001f3db
584,\U0001f3dc
585,\U0001f3dd
586,\U0001f3de
587,\U0001f3df
588,\U0001f3e0
589,\U0001f3e1
590,\U0001f3e2
591,\U0001f3e3
592,\U0001f3e4
593,\U0001f3e5
594,\U0001f3e6
595,\U0001f3e7
596,\U0001f3e8
597,\U0001f3e9
598,\U0001f3ea
599,\U0001f3eb
600,\U0001f3ec
601,\U0001f3ed
602,\U0001f3ee
603,\U0001f3ef
604,\U0001f3f0
605,\U0001f3f3\U0001f308
606,\U0001f3f3
607,\U0001f3f4
608,\U0001f3f5
609,\U0001f3f7
610,\U0001f3f8
611,\U0001f3f9
612,\U0001f3fa
613,\U0001f3fb
614,\U0001f3fc
615,\U0001f3fd
616,\U0001f3fe
617,\U0001f3ff
618,\U0001f400
619,\U0001f401
620,\U0001f402
621,\U0001f403
622,\U0001f404
623,\U0001f405
624,\U0001f406
625,\U0001f407
626,\U0001f408
627,\U0001f409
628,\U0001f40a
629,\U0001f40b
630,\U0001f40c
631,\U0001f40d
632,\U0001f40e
633,\U0001f40f
634,\U0001f410
635,\U0001f411
636,\U0001f412
637,\U0001f413
638,\U0001f414
639,\U0001f415
640,\U0001f416
641,\U0001f417
642,\U0001f418
643,\U0001f419
644,\U0001f41a
645,\U0001f41b
646,\U0001f41c
647,\U0001f41d
648,\U0001f41e
649,\U0001f41f
650,\U0001f420
651,\U0001f421
652,\U0001f422
653,\U0001f423
654,\U0001f424
655,\U0001f425
656,\U0001f426
657,\U0001f427
658,\U0001f428
659,\U0001f429
660,\U0001f42a
661,\U0001f42b
662,\U0001f42c
663,\U0001f42d
664,\U0001f42e
665,\U0001f42f
666,\U0001f430
667,\U0001f431
668,\U0001f432
669,\U0001f433
670,\U0001f434
671,\U0001f435
672,\U0001f436
673,\U0001f437
674,\U0001f438
675,\U0001f439
676,\U0001f43a
677,\U0001f43b
678,\U0001f43c
679,\U0001f43d
680,\U0001f43e
681,\U0001f43f
682,\U0001f440
683,\U0001f441\U0001f5e8
684,\U0001f441
685,\U0001f442\U0001f3fb
686,\U0001f442\U0001f3fc
687,\U0001f442\U0001f3fd
688,\U0001f442\U0001f3fe
689,\U0001f442\U0001f3ff
690,\U0001f442
691,\U0001f443\U0001f3fb
692,\U0001f443\U0001f3fc
693,\U0001f443\U0001f3fd
694,\U0001f443\U0001f3fe
695,\U0001f443\U0001f3ff
696,\U0001f443
697,\U0001f444
698,\U0001f445
699,\U0001f446\U0001f3fb
700,\U0001f446\U0001f3fc
701,\U0001f446\U0001f3fd
702,\U0001f446\U0001f3fe
703,\U0001f446\U0001f3ff
704,\U0001f446
705,\U0001f447\U0001f3fb
706,\U0001f447\U0001f3fc
707,\U0001f447\U0001f3fd
708,\U0001f447\U0001f3fe
709,\U0001f447\U0001f3ff
710,\U0001f447
711,\U0001f448\U0001f3fb
712,\U0001f448\U0001f3fc
713,\U0001f448\U0001f3fd
714,\U0001f448\U0001f3fe
715,\U0001f448\U0001f3ff
716,\U0001f448
717,\U0001f449\U0001f3fb
718,\U0001f449\U0001f3fc
719,\U0001f449\U0001f3fd
720,\U0001f449\U0001f3fe
721,\U0001f449\U0001f3ff
722,\U0001f449
723,\U0001f44a\U0001f3fb
724,\U0001f44a\U0001f3fc
725,\U0001f44a\U0001f3fd
726,\U0001f44a\U0001f3fe
727,\U0001f44a\U0001f3ff
728,\U0001f44a
729,\U0001f44b\U0001f3fb
730,\U0001f44b\U0001f3fc
731,\U0001f44b\U0001f3fd
732,\U0001f44b\U0001f3fe
733,\U0001f44b\U0001f3ff
734,\U0001f44b
735,\U0001f44c\U0001f3fb
736,\U0001f44c\U0001f3fc
737,\U0001f44c\U0001f3fd
738,\U0001f44c\U0001f3fe
739,\U0001f44c\U0001f3ff
740,\U0001f44c
741,\U0001f44d\U0001f3fb
742,\U0001f44d\U0001f3fc
743,\U0001f44d\U0001f3fd
744,\U0001f44d\U0001f3fe
745,\U0001f44d\U0001f3ff
746,\U0001f44d
747,\U0001f44e\U0001f3fb
748,\U0001f44e\U0001f3fc
749,\U0001f44e\U0001f3fd
750,\U0001f44e\U0001f3fe
751,\U0001f44e\U0001f3ff
752,\U0001f44e
753,\U0001f44f\U0001f3fb
754,\U0001f44f\U0001f3fc
755,\U0001f44f\U0001f3fd
756,\U0001f44f\U0001f3fe
757,\U0001f44f\U0001f3ff
758,\U0001f44f
759,\U0001f450\U0001f3fb
760,\U0001f450\U0001f3fc
761,\U0001f450\U0001f3fd
762,\U0001f450\U0001f3fe
763,\U0001f450\U0001f3ff
764,\U0001f450
765,\U0001f451
766,\U0001f452
767,\U0001f453
768,\U0001f454
769,\U0001f455
770,\U0001f456
771,\U0001f457
772,\U0001f458
773,\U0001f459
774,\U0001f45a
775,\U0001f45b
776,\U0001f45c
777,\U0001f45d
778,\U0001f45e
779,\U0001f45f
780,\U0001f460
781,\U0001f461
782,\U0001f462
783,\U0001f463
784,\U0001f464
785,\U0001f465
786,\U0001f466\U0001f3fb
787,\U0001f466\U0001f3fc
788,\U0001f466\U0001f3fd
789,\U0001f466\U0001f3fe
790,\U0001f466\U0001f3ff
791,\U0001f466
792,\U0001f467\U0001f3fb
793,\U0001f467\U0001f3fc
794,\U0001f467\U0001f3fd
795,\U0001f467\U0001f3fe
796,\U0001f467\U0001f3ff
797,\U0001f467
798,\U0001f468\U0001f3fb
799,\U0001f468\U0001f3fc
800,\U0001f468\U0001f3fd
801,\U0001f468\U0001f3fe
802,\U0001f468\U0001f3ff
803,\U0001f468\U0001f468\U0001f466\U0001f466
804,\U0001f468\U0001f468\U0001f466
805,\U0001f468\U0001f468\U0001f467\U0001f466
806,\U0001f468\U0001f468\U0001f467\U0001f467
807,\U0001f468\U0001f468\U0001f467
808,\U0001f468\U0001f469\U0001f466\U0001f466
809,\U0001f468\U0001f469\U0001f467\U0001f466
810,\U0001f468\U0001f469\U0001f467\U0001f467
811,\U0001f468\U0001f469\U0001f467
812,\U0001f468\U00002764\U0001f468
813,\U0001f468\U00002764\U0001f48b\U0001f468
814,\U0001f468
815,\U0001f469\U0001f3fb
816,\U0001f469\U0001f3fc
817,\U0001f469\U0001f3fd
818,\U0001f469\U0001f3fe
819,\U0001f469\U0001f3ff
820,\U0001f469\U0001f469\U0001f466\U0001f466
821,\U0001f469\U0001f469\U0001f466
822,\U0001f469\U0001f469\U0001f467\U0001f466
823,\U0001f469\U0001f469\U0001f467\U0001f467
824,\U0001f469\U0001f469\U0001f467
825,\U0001f469\U00002764\U0001f469
826,\U0001f469\U00002764\U0001f48b\U0001f469
827,\U0001f469
828,\U0001f46a
829,\U0001f46b
830,\U0001f46c
831,\U0001f46d
832,\U0001f46e\U0001f3fb
833,\U0001f46e\U0001f3fc
834,\U0001f46e\U0001f3fd
835,\U0001f46e\U0001f3fe
836,\U0001f46e\U0001f3ff
837,\U0001f46e
838,\U0001f46f
839,\U0001f470\U0001f3fb
840,\U0001f470\U0001f3fc
841,\U0001f470\U0001f3fd
842,\U0001f470\U0001f3fe
843,\U0001f470\U0001f3ff
844,\U0001f470
845,\U0001f471\U0001f3fb
846,\U0001f471\U0001f3fc
847,\U0001f471\U0001f3fd
848,\U0001f471\U0001f3fe
849,\U0001f471\U0001f3ff
850,\U0001f471
851,\U0001f472\U0001f3fb
852,\U0001f472\U0001f3fc
853,\U0001f472\U0001f3fd
854,\U0001f472\U0001f3fe
855,\U0001f472\U0001f3ff
856,\U0001f472
857,\U0001f473\U0001f3fb
858,\U0001f473\U0001f3fc
859,\U0001f473\U0001f3fd
860,\U0001f473\U0001f3fe
861,\U0001f473\U0001f3ff
862,\U0001f473
863,\U0001f474\U0001f3fb
864,\U0001f474\U0001f3fc
865,\U0001f474\U0001f3fd
866,\U0001f474\U0001f3fe
867,\U0001f474\U0001f3ff
868,\U0001f474
869,\U0001f475\U0001f3fb
870,\U0001f475\U0001f3fc
871,\U0001f475\U0001f3fd
872,\U0001f475\U0001f3fe
873,\U0001f475\U0001f3ff
874,\U0001f475
875,\U0001f476\U0001f3fb
876,\U0001f476\U0001f3fc
877,\U0001f476\U0001f3fd
878,\U0001f476\U0001f3fe
879,\U0001f476\U0001f3ff
880,\U0001f476
881,\U0001f477\U0001f3fb
882,\U0001f477\U0001f3fc
883,\U0001f477\U0001f3fd
884,\U0001f477\U0001f3fe
885,\U0001f477\U0001f3ff
886,\U0001f477
887,\U0001f478\U0001f3fb
888,\U0001f478\U0001f3fc
889,\U0001f478\U0001f3fd
890,\U0001f478\U0001f3fe
891,\U0001f478\U0001f3ff
892,\U0001f478
893,\U0001f479
894,\U0001f47a
895,\U0001f47b
896,\U0001f47c\U0001f3fb
897,\U0001f47c\U0001f3fc
898,\U0001f47c\U0001f3fd
899,\U0001f47c\U0001f3fe
900,\U0001f47c\U0001f3ff
901,\U0001f47c
902,\U0001f47d
903,\U0001f47e
904,\U0001f47f
905,\U0001f480
906,\U0001f481\U0001f3fb
907,\U0001f481\U0001f3fc
908,\U0001f481\U0001f3fd
909,\U0001f481\U0001f3fe
910,\U0001f481\U0001f3ff
911,\U0001f481
912,\U0001f482\U0001f3fb
913,\U0001f482\U0001f3fc
914,\U0001f482\U0001f3fd
915,\U0001f482\U0001f3fe
916,\U0001f482\U0001f3ff
917,\U0001f482
918,\U0001f483\U0001f3fb
919,\U0001f483\U0001f3fc
920,\U0001f483\U0001f3fd
921,\U0001f483\U0001f3fe
922,\U0001f483\U0001f3ff
923,\U0001f483
924,\U0001f484
925,\U0001f485\U0001f3fb
926,\U0001f485\U0001f3fc
927,\U0001f485\U0001f3fd
928,\U0001f485\U0001f3fe
929,\U0001f485\U0001f3ff
930,\U0001f485
931,\U0001f486\U0001f3fb
932,\U0001f486\U0001f3fc
933,\U0001f486\U0001f3fd
934,\U0001f486\U0001f3fe
935,\U0001f486\U0001f3ff
936,\U0001f486
937,\U0001f487\U0001f3fb
938,\U0001f487\U0001f3fc
939,\U0001f487\U0001f3fd
940,\U0001f487\U0001f3fe
941,\U0001f487\U0001f3ff
942,\U0001f487
943,\U0001f488
944,\U0001f489
945,\U0001f48a
946,\U0001f48b
947,\U0001f48c
948,\U0001f48d
949,\U0001f48e
950,\U0001f48f
951,\U0001f490
952,\U0001f491
953,\U0001f492
954,\U0001f493
955,\U0001f494
956,\U0001f495
957,\U0001f496
958,\U0001f497
959,\U0001f498
960,\U0001f499
961,\U0001f49a
962,\U0001f49b
963,\U0001f49c
964,\U0001f49d
965,\U0001f49e
966,\U0001f49f
967,\U0001f4a0
968,\U0001f4a1
969,\U0001f4a2
970,\U0001f4a3
971,\U0001f4a4
972,\U0001f4a5
973,\U0001f4a6
974,\U0001f4a7
975,\U0001f4a8
976,\U0001f4a9
977,\U0001f4aa\U0001f3fb
978,\U0001f4aa\U0001f3fc
979,\U0001f4aa\U0001f3fd
980,\U0001f4aa\U0001f3fe
981,\U0001f4aa\U0001f3ff
982,\U0001f4aa
983,\U0001f4ab
984,\U0001f4ac
985,\U0001f4ad
986,\U0001f4ae
987,\U0001f4af
988,\U0001f4b0
989,\U0001f4b1
990,\U0001f4b2
991,\U0001f4b3
992,\U0001f4b4
993,\U0001f4b5
994,\U0001f4b6
995,\U0001f4b7
996,\U0001f4b8
997,\U0001f4b9
998,\U0001f4ba
999,\U0001f4bb
1000,\U0001f4bc
1001,\U0001f4bd
1002,\U0001f4be
1003,\U0001f4bf
1004,\U0001f4c0
1005,\U0001f4c1
1006,\U0001f4c2
1007,\U0001f4c3
1008,\U0001f4c4
1009,\U0001f4c5
1010,\U0001f4c6
1011,\U0001f4c7
1012,\U0001f4c8
1013,\U0001f4c9
1014,\U0001f4ca
1015,\U0001f4cb
1016,\U0001f4cc
1017,\U0001f4cd
1018,\U0001f4ce
1019,\U0001f4cf
1020,\U0001f4d0
1021,\U0001f4d1
1022,\U0001f4d2
1023,\U0001f4d3
1024,\U0001f4d4
1025,\U0001f4d5
1026,\U0001f4d6
1027,\U0001f4d7
1028,\U0001f4d8
1029,\U0001f4d9
1030,\U0001f4da
1031,\U0001f4db
1032,\U0001f4dc
1033,\U0001f4dd
1034,\U0001f4de
1035,\U0001f4df
1036,\U0001f4e0
1037,\U0001f4e1
1038,\U0001f4e2
1039,\U0001f4e3
1040,\U0001f4e4
1041,\U0001f4e5
1042,\U0001f4e6
1043,\U0001f4e7
1044,\U0001f4e8
1045,\U0001f4e9
1046,\U0001f4ea
1047,\U0001f4eb
1048,\U0001f4ec
1049,\U0001f4ed
1050,\U0001f4ee
1051,\U0001f4ef
1052,\U0001f4f0
1053,\U0001f4f1
1054,\U0001f4f2
1055,\U0001f4f3
1056,\U0001f4f4
1057,\U0001f4f5
1058,\U0001f4f6
1059,\U0001f4f7
1060,\U0001f4f8
1061,\U0001f4f9
1062,\U0001f4fa
1063,\U0001f4fb
1064,\U0001f4fc
1065,\U0001f4fd
1066,\U0001f4ff
1067,\U0001f500
1068,\U0001f501
1069,\U0001f502
1070,\U0001f503
1071,\U0001f504
1072,\U0001f505
1073,\U0001f506
1074,\U0001f507
1075,\U0001f508
1076,\U0001f509
1077,\U0001f50a
1078,\U0001f50b
1079,\U0001f50c
1080,\U0001f50d
1081,\U0001f50e
1082,\U0001f50f
1083,\U0001f510
1084,\U0001f511
1085,\U0001f512
1086,\U0001f513
1087,\U0001f514
1088,\U0001f515
1089,\U0001f516
1090,\U0001f517
1091,\U0001f518
1092,\U0001f519
1093,\U0001f51a
1094,\U0001f51b
1095,\U0001f51c
1096,\U0001f51d
1097,\U0001f51e
1098,\U0001f51f
1099,\U0001f520
1100,\U0001f521
1101,\U0001f522
1102,\U0001f523
1103,\U0001f524
1104,\U0001f525
1105,\U0001f526
1106,\U0001f527
1107,\U0001f528
1108,\U0001f529
1109,\U0001f52a
1110,\U0001f52b
1111,\U0001f52c
1112,\U0001f52d
1113,\U0001f52e
1114,\U0001f52f
1115,\U0001f530
1116,\U0001f531
1117,\U0001f534
1118,\U0001f535
1119,\U0001f536
1120,\U0001f537
1121,\U0001f538
1122,\U0001f539
1123,\U0001f53a
1124,\U0001f53b
1125,\U0001f53c
1126,\U0001f53d
1127,\U0001f549
1128,\U0001f54a
1129,\U0001f54b
1130,\U0001f54c
1131,\U0001f54d
1132,\U0001f54e
1133,\U0001f550
1134,\U0001f551
1135,\U0001f552
1136,\U0001f553
1137,\U0001f554
1138,\U0001f555
1139,\U0001f556
1140,\U0001f557
1141,\U0001f558
1142,\U0001f559
1143,\U0001f55a
1144,\U0001f55b
1145,\U0001f55c
1146,\U0001f55d
1147,\U0001f55e
1148,\U0001f55f
1149,\U0001f560
1150,\U0001f561
1151,\U0001f562
1152,\U0001f563
1153,\U0001f564
1154,\U0001f565
1155,\U0001f566
1156,\U0001f567
1157,\U0001f56f
1158,\U0001f570
1159,\U0001f573
1160,\U0001f574
1161,\U0001f575\U0001f3fb
1162,\U0001f575\U0001f3fc
1163,\U0001f575\U0001f3fd
1164,\U0001f575\U0001f3fe
1165,\U0001f575\U0001f3ff
1166,\U0001f575
1167,\U0001f576
1168,\U0001f577
1169,\U0001f578
1170,\U0001f579
1171,\U0001f57a\U0001f3fb
1172,\U0001f57a\U0001f3fc
1173,\U0001f57a\U0001f3fd
1174,\U0001f57a\U0001f3fe
1175,\U0001f57a\U0001f3ff
1176,\U0001f57a
1177,\U0001f587
1178,\U0001f58a
1179,\U0001f58b
1180,\U0001f58c
1181,\U0001f58d
1182,\U0001f590\U0001f3fb
1183,\U0001f590\U0001f3fc
1184,\U0001f590\U0001f3fd
1185,\U0001f590\U0001f3fe
1186,\U0001f590\U0001f3ff
1187,\U0001f590
1188,\U0001f595\U0001f3fb
1189,\U0001f595\U0001f3fc
1190,\U0001f595\U0001f3fd
1191,\U0001f595\U0001f3fe
1192,\U0001f595\U0001f3ff
1193,\U0001f595
1194,\U0001f596\U0001f3fb
1195,\U0001f596\U0001f3fc
1196,\U0001f596\U0001f3fd
1197,\U0001f596\U0001f3fe
1198,\U0001f596\U0001f3ff
1199,\U0001f596
1200,\U0001f5a4
1201,\U0001f5a5
1202,\U0001f5a8
1203,\U0001f5b1
1204,\U0001f5b2
1205,\U0001f5bc
1206,\U0001f5c2
1207,\U0001f5c3
1208,\U0001f5c4
1209,\U0001f5d1
1210,\U0001f5d2
1211,\U0001f5d3
1212,\U0001f5dc
1213,\U0001f5dd
1214,\U0001f5de
1215,\U0001f5e1
1216,\U0001f5e3
1217,\U0001f5e8
1218,\U0001f5ef
1219,\U0001f5f3
1220,\U0001f5fa
1221,\U0001f5fb
1222,\U0001f5fc
1223,\U0001f5fd
1224,\U0001f5fe
1225,\U0001f5ff
1226,\U0001f600
1227,\U0001f601
1228,\U0001f602
1229,\U0001f603
1230,\U0001f604
1231,\U0001f605
1232,\U0001f606
1233,\U0001f607
1234,\U0001f608
1235,\U0001f609
1236,\U0001f60a
1237,\U0001f60b
1238,\U0001f60c
1239,\U0001f60d
1240,\U0001f60e
1241,\U0001f60f
1242,\U0001f610
1243,\U0001f611
1244,\U0001f612
1245,\U0001f613
1246,\U0001f614
1247,\U0001f615
1248,\U0001f616
1249,\U0001f617
1250,\U0001f618
1251,\U0001f619
1252,\U0001f61a
1253,\U0001f61b
1254,\U0001f61c
1255,\U0001f61d
1256,\U0001f61e
1257,\U0001f61f
1258,\U0001f620
1259,\U0001f621
1260,\U0001f622
1261,\U0001f623
1262,\U0001f624
1263,\U0001f625
1264,\U0001f626
1265,\U0001f627
1266,\U0001f628
1267,\U0001f629
1268,\U0001f62a
1269,\U0001f62b
1270,\U0001f62c
1271,\U0001f62d
1272,\U0001f62e
1273,\U0001f62f
1274,\U0001f630
1275,\U0001f631
1276,\U0001f632
1277,\U0001f633
1278,\U0001f634
1279,\U0001f635
1280,\U0001f636
1281,\U0001f637
1282,\U0001f638
1283,\U0001f639
1284,\U0001f63a
1285,\U0001f63b
1286,\U0001f63c
1287,\U0001f63d
1288,\U0001f63e
1289,\U0001f63f
1290,\U0001f640
1291,\U0001f641
1292,\U0001f642
1293,\U0001f643
1294,\U0001f644
1295,\U0001f645\U0001f3fb
1296,\U0001f645\U0001f3fc
1297,\U0001f645\U0001f3fd
1298,\U0001f645\U0001f3fe
1299,\U0001f645\U0001f3ff
1300,\U0001f645
1301,\U0001f646\U0001f3fb
1302,\U0001f646\U0001f3fc
1303,\U0001f646\U0001f3fd
1304,\U0001f646\U0001f3fe
1305,\U0001f646\U0001f3ff
1306,\U0001f646
1307,\U0001f647\U0001f3fb
1308,\U0001f647\U0001f3fc
1309,\U0001f647\U0001f3fd
1310,\U0001f647\U0001f3fe
1311,\U0001f647\U0001f3ff
1312,\U0001f647
1313,\U0001f648
1314,\U0001f649
1315,\U0001f64a
1316,\U0001f64b\U0001f3fb
1317,\U0001f64b\U0001f3fc
1318,\U0001f64b\U0001f3fd
1319,\U0001f64b\U0001f3fe
1320,\U0001f64b\U0001f3ff
1321,\U0001f64b
1322,\U0001f64c\U0001f3fb
1323,\U0001f64c\U0001f3fc
1324,\U0001f64c\U0001f3fd
1325,\U0001f64c\U0001f3fe
1326,\U0001f64c\U0001f3ff
1327,\U0001f64c
1328,\U0001f64d\U0001f3fb
1329,\U0001f64d\U0001f3fc
1330,\U0001f64d\U0001f3fd
1331,\U0001f64d\U0001f3fe
1332,\U0001f64d\U0001f3ff
1333,\U0001f64d
1334,\U0001f64e\U0001f3fb
1335,\U0001f64e\U0001f3fc
1336,\U0001f64e\U0001f3fd
1337,\U0001f64e\U0001f3fe
1338,\U0001f64e\U0001f3ff
1339,\U0001f64e
1340,\U0001f64f\U0001f3fb
1341,\U0001f64f\U0001f3fc
1342,\U0001f64f\U0001f3fd
1343,\U0001f64f\U0001f3fe
1344,\U0001f64f\U0001f3ff
1345,\U0001f64f
1346,\U0001f680
1347,\U0001f681
1348,\U0001f682
1349,\U0001f683
1350,\U0001f684
1351,\U0001f685
1352,\U0001f686
1353,\U0001f687
1354,\U0001f688
1355,\U0001f689
1356,\U0001f68a
1357,\U0001f68b
1358,\U0001f68c
1359,\U0001f68d
1360,\U0001f68e
1361,\U0001f68f
1362,\U0001f690
1363,\U0001f691
1364,\U0001f692
1365,\U0001f693
1366,\U0001f694
1367,\U0001f695
1368,\U0001f696
1369,\U0001f697
1370,\U0001f698
1371,\U0001f699
1372,\U0001f69a
1373,\U0001f69b
1374,\U0001f69c
1375,\U0001f69d
1376,\U0001f69e
1377,\U0001f69f
1378,\U0001f6a0
1379,\U0001f6a1
1380,\U0001f6a2
1381,\U0001f6a3\U0001f3fb
1382,\U0001f6a3\U0001f3fc
1383,\U0001f6a3\U0001f3fd
1384,\U0001f6a3\U0001f3fe
1385,\U0001f6a3\U0001f3ff
1386,\U0001f6a3
1387,\U0001f6a4
1388,\U0001f6a5
1389,\U0001f6a6
1390,\U0001f6a7
1391,\U0001f6a8
1392,\U0001f6a9
1393,\U0001f6aa
1394,\U0001f6ab
1395,\U0001f6ac
1396,\U0001f6ad
1397,\U0001f6ae
1398,\U0001f6af
1399,\U0001f6b0
1400,\U0001f6b1
1401,\U0001f6b2
1402,\U0001f6b3
1403,\U0001f6b4\U0001f3fb
1404,\U0001f6b4\U0001f3fc
1405,\U0001f6b4\U0001f3fd
1406,\U0001f6b4\U0001f3fe
1407,\U0001f6b4\U0001f3ff
1408,\U0001f6b4
1409,\U0001f6b5\U0001f3fb
1410,\U0001f6b5\U0001f3fc
1411,\U0001f6b5\U0001f3fd
1412,\U0001f6b5\U0001f3fe
1413,\U0001f6b5\U0001f3ff
1414,\U0001f6b5
1415,\U0001f6b6\U0001f3fb
1416,\U0001f6b6\U0001f3fc
1417,\U0001f6b6\U0001f3fd
1418,\U0001f6b6\U0001f3fe
1419,\U0001f6b6\U0001f3ff
1420,\U0001f6b6
1421,\U0001f6b7
1422,\U0001f6b8
1423,\U0001f6b9
1424,\U0001f6ba
1425,\U0001f6bb
1426,\U0001f6bc
1427,\U0001f6bd
1428,\U0001f6be
1429,\U0001f6bf
1430,\U0001f6c0\U0001f3fb
1431,\U0001f6c0\U0001f3fc
1432,\U0001f6c0\U0001f3fd
1433,\U0001f6c0\U0001f3fe
1434,\U0001f6c0\U0001f3ff
1435,\U0001f6c0
1436,\U0001f6c1
1437,\U0001f6c2
1438,\U0001f6c3
1439,\U0001f6c4
1440,\U0001f6c5
1441,\U0001f6cb
1442,\U0001f6cc
1443,\U0001f6cd
1444,\U0001f6ce
1445,\U0001f6cf
1446,\U0001f6d0
1447,\U0001f6d1
1448,\U0001f6d2
1449,\U0001f6e0
1450,\U0001f6e1
1451,\U0001f6e2
1452,\U0001f6e3
1453,\U0001f6e4
1454,\U0001f6e5
1455,\U0001f6e9
1456,\U0001f6eb
1457,\U0001f6ec
1458,\U0001f6f0
1459,\U0001f6f3
1460,\U0001f6f4
1461,\U0001f6f5
1462,\U0001f6f6
1463,\U0001f910
1464,\U0001f911
1465,\U0001f912
1466,\U0001f913
1467,\U0001f914
1468,\U0001f915
1469,\U0001f916
1470,\U0001f917
1471,\U0001f918\U0001f3fb
1472,\U0001f918\U0001f3fc
1473,\U0001f918\U0001f3fd
1474,\U0001f918\U0001f3fe
1475,\U0001f918\U0001f3ff
1476,\U0001f918
1477,\U0001f919\U0001f3fb
1478,\U0001f919\U0001f3fc
1479,\U0001f919\U0001f3fd
1480,\U0001f919\U0001f3fe
1481,\U0001f919\U0001f3ff
1482,\U0001f919
1483,\U0001f91a\U0001f3fb
1484,\U0001f91a\U0001f3fc
1485,\U0001f91a\U0001f3fd
1486,\U0001f91a\U0001f3fe
1487,\U0001f91a\U0001f3ff
1488,\U0001f91a
1489,\U0001f91b\U0001f3fb
1490,\U0001f91b\U0001f3fc
1491,\U0001f91b\U0001f3fd
1492,\U0001f91b\U0001f3fe
1493,\U0001f91b\U0001f3ff
1494,\U0001f91b
1495,\U0001f91c\U0001f3fb
1496,\U0001f91c\U0001f3fc
1497,\U0001f91c\U0001f3fd
1498,\U0001f91c\U0001f3fe
1499,\U0001f91c\U0001f3ff
1500,\U0001f91c
1501,\U0001f91d\U0001f3fb
1502,\U0001f91d\U0001f3fc
1503,\U0001f91d\U0001f3fd
1504,\U0001f91d\U0001f3fe
1505,\U0001f91d\U0001f3ff
1506,\U0001f91d
1507,\U0001f91e\U0001f3fb
1508,\U0001f91e\U0001f3fc
1509,\U0001f91e\U0001f3fd
1510,\U0001f91e\U0001f3fe
1511,\U0001f91e\U0001f3ff
1512,\U0001f91e
1513,\U0001f920
1514,\U0001f921
1515,\U0001f922
1516,\U0001f923
1517,\U0001f924
1518,\U0001f925
1519,\U0001f926\U0001f3fb
1520,\U0001f926\U0001f3fc
1521,\U0001f926\U0001f3fd
1522,\U0001f926\U0001f3fe
1523,\U0001f926\U0001f3ff
1524,\U0001f926
1525,\U0001f927
1526,\U0001f930\U0001f3fb
1527,\U0001f930\U0001f3fc
1528,\U0001f930\U0001f3fd
1529,\U0001f930\U0001f3fe
1530,\U0001f930\U0001f3ff
1531,\U0001f930
1532,\U0001f933\U0001f3fb
1533,\U0001f933\U0001f3fc
1534,\U0001f933\U0001f3fd
1535,\U0001f933\U0001f3fe
1536,\U0001f933\U0001f3ff
1537,\U0001f933
1538,\U0001f934\U0001f3fb
1539,\U0001f934\U0001f3fc
1540,\U0001f934\U0001f3fd
1541,\U0001f934\U0001f3fe
1542,\U0001f934\U0001f3ff
1543,\U0001f934
1544,\U0001f935\U0001f3fb
1545,\U0001f935\U0001f3fc
1546,\U0001f935\U0001f3fd
1547,\U0001f935\U0001f3fe
1548,\U0001f935\U0001f3ff
1549,\U0001f935
1550,\U0001f936\U0001f3fb
1551,\U0001f936\U0001f3fc
1552,\U0001f936\U0001f3fd
1553,\U0001f936\U0001f3fe
1554,\U0001f936\U0001f3ff
1555,\U0001f936
1556,\U0001f937\U0001f3fb
1557,\U0001f937\U0001f3fc
1558,\U0001f937\U0001f3fd
1559,\U0001f937\U0001f3fe
1560,\U0001f937\U0001f3ff
1561,\U0001f937
1562,\U0001f938\U0001f3fb
1563,\U0001f938\U0001f3fc
1564,\U0001f938\U0001f3fd
1565,\U0001f938\U0001f3fe
1566,\U0001f938\U0001f3ff
1567,\U0001f938
1568,\U0001f939\U0001f3fb
1569,\U0001f939\U0001f3fc
1570,\U0001f939\U0001f3fd
1571,\U0001f939\U0001f3fe
1572,\U0001f939\U0001f3ff
1573,\U0001f939
1574,\U0001f93a
1575,\U0001f93c\U0001f3fb
1576,\U0001f93c\U0001f3fc
1577,\U0001f93c\U0001f3fd
1578,\U0001f93c\U0001f3fe
1579,\U0001f93c\U0001f3ff
1580,\U0001f93c
1581,\U0001f93d\U0001f3fb
1582,\U0001f93d\U0001f3fc
1583,\U0001f93d\U0001f3fd
1584,\U0001f93d\U0001f3fe
1585,\U0001f93d\U0001f3ff
1586,\U0001f93d
1587,\U0001f93e\U0001f3fb
1588,\U0001f93e\U0001f3fc
1589,\U0001f93e\U0001f3fd
1590,\U0001f93e\U0001f3fe
1591,\U0001f93e\U0001f3ff
1592,\U0001f93e
1593,\U0001f940
1594,\U0001f941
1595,\U0001f942
1596,\U0001f943
1597,\U0001f944
1598,\U0001f945
1599,\U0001f947
1600,\U0001f948
1601,\U0001f949
1602,\U0001f94a
1603,\U0001f94b
1604,\U0001f950
1605,\U0001f951
1606,\U0001f952
1607,\U0001f953
1608,\U0001f954
1609,\U0001f955
1610,\U0001f956
1611,\U0001f957
1612,\U0001f958
1613,\U0001f959
1614,\U0001f95a
1615,\U0001f95b
1616,\U0001f95c
1617,\U0001f95d
1618,\U0001f95e
1619,\U0001f980
1620,\U0001f981
1621,\U0001f982
1622,\U0001f983
1623,\U0001f984
1624,\U0001f985
1625,\U0001f986
1626,\U0001f987
1627,\U0001f988
1628,\U0001f989
1629,\U0001f98a
1630,\U0001f98b
1631,\U0001f98c
1632,\U0001f98d
1633,\U0001f98e
1634,\U0001f98f
1635,\U0001f990
1636,\U0001f991
1637,\U0001f9c0
1638,\U0000203c
1639,\U00002049
1640,\U00002122
1641,\U00002139
1642,\U00002194
1643,\U00002195
1644,\U00002196
1645,\U00002197
1646,\U00002198
1647,\U00002199
1648,\U000021a9
1649,\U000021aa
1650,\U0000231a
1651,\U0000231b
1652,\U00002328
1653,\U000023cf
1654,\U000023e9
1655,\U000023ea
1656,\U000023eb
1657,\U000023ec
1658,\U000023ed
1659,\U000023ee
1660,\U000023ef
1661,\U000023f0
1662,\U000023f1
1663,\U000023f2
1664,\U000023f3
1665,\U000023f8
1666,\U000023f9
1667,\U000023fa
1668,\U000024c2
1669,\U000025aa
1670,\U000025ab
1671,\U000025b6
1672,\U000025c0
1673,\U000025fb
1674,\U000025fc
1675,\U000025fd
1676,\U000025fe
1677,\U00002600
1678,\U00002601
1679,\U00002602
1680,\U00002603
1681,\U00002604
1682,\U0000260e
1683,\U00002611
1684,\U00002614
1685,\U00002615
1686,\U00002618
1687,\U0000261d\U0001f3fb
1688,\U0000261d\U0001f3fc
1689,\U0000261d\U0001f3fd
1690,\U0000261d\U0001f3fe
1691,\U0000261d\U0001f3ff
1692,\U0000261d
1693,\U00002620
1694,\U00002622
1695,\U00002623
1696,\U00002626
1697,\U0000262a
1698,\U0000262e
1699,\U0000262f
1700,\U00002638
1701,\U00002639
1702,\U0000263a
1703,\U00002648
1704,\U00002649
1705,\U0000264a
1706,\U0000264b
1707,\U0000264c
1708,\U0000264d
1709,\U0000264e
1710,\U0000264f
1711,\U00002650
1712,\U00002651
1713,\U00002652
1714,\U00002653
1715,\U00002660
1716,\U00002663
1717,\U00002665
1718,\U00002666
1719,\U00002668
1720,\U0000267b
1721,\U0000267f
1722,\U00002692
1723,\U00002693
1724,\U00002694
1725,\U00002696
1726,\U00002697
1727,\U00002699
1728,\U0000269b
1729,\U0000269c
1730,\U000026a0
1731,\U000026a1
1732,\U000026aa
1733,\U000026ab
1734,\U000026b0
1735,\U000026b1
1736,\U000026bd
1737,\U000026be
1738,\U000026c4
1739,\U000026c5
1740,\U000026c8
1741,\U000026ce
1742,\U000026cf
1743,\U000026d1
1744,\U000026d3
1745,\U000026d4
1746,\U000026e9
1747,\U000026ea
1748,\U000026f0
1749,\U000026f1
1750,\U000026f2
1751,\U000026f3
1752,\U000026f4
1753,\U000026f5
1754,\U000026f7
1755,\U000026f8
1756,\U000026f9\U0001f3fb
1757,\U000026f9\U0001f3fc
1758,\U000026f9\U0001f3fd
1759,\U000026f9\U0001f3fe
1760,\U000026f9\U0001f3ff
1761,\U000026f9
1762,\U000026fa
1763,\U000026fd
1764,\U00002702
1765,\U00002705
1766,\U00002708
1767,\U00002709
1768,\U0000270a\U0001f3fb
1769,\U0000270a\U0001f3fc
1770,\U0000270a\U0001f3fd
1771,\U0000270a\U0001f3fe
1772,\U0000270a\U0001f3ff
1773,\U0000270a
1774,\U0000270b\U0001f3fb
1775,\U0000270b\U0001f3fc
1776,\U0000270b\U0001f3fd
1777,\U0000270b\U0001f3fe
1778,\U0000270b\U0001f3ff
1779,\U0000270b
1780,\U0000270c\U0001f3fb
1781,\U0000270c\U0001f3fc
1782,\U0000270c\U0001f3fd
1783,\U0000270c\U0001f3fe
1784,\U0000270c\U0001f3ff
1785,\U0000270c
1786,\U0000270d\U0001f3fb
1787,\U0000270d\U0001f3fc
1788,\U0000270d\U0001f3fd
1789,\U0000270d\U0001f3fe
1790,\U0000270d\U0001f3ff
1791,\U0000270d
1792,\U0000270f
1793,\U00002712
1794,\U00002714
1795,\U00002716
1796,\U0000271d
1797,\U00002721
1798,\U00002728
1799,\U00002733
1800,\U00002734
1801,\U00002744
1802,\U00002747
1803,\U0000274c
1804,\U0000274e
1805,\U00002753
1806,\U00002754
1807,\U00002755
1808,\U00002757
1809,\U00002763
1810,\U00002764
1811,\U00002795
1812,\U00002796
1813,\U00002797
1814,\U000027a1
1815,\U000027b0
1816,\U000027bf
1817,\U00002934
1818,\U00002935
1819,\U00002b05
1820,\U00002b06
1821,\U00002b07
1822,\U00002b1b
1823,\U00002b1c
1824,\U00002b50
1825,\U00002b55
1826,\U00003030
1827,\U0000303d
1828,\U00003297
1829,\U00003299
